Departure,Return,Departure station,Return station,Covered distance (m),Duration (sec.),Geocoded Departure Station,Geocoded Return Station
2024-09-01 23:57:23,2024-09-02 00:08:24,002 Comédie,012 Boutonnet,2227.0,653,43.60918635,44.9782454
2024-09-01 23:55:08,2024-09-02 00:03:28,011 Plan Cabanes,025 Nouveau Saint-Roch,1343.0,496,43.608824,43.1205741
2024-09-01 23:51:43,2024-09-01 23:57:33,010 Rondelet,011 Plan Cabanes,971.0,346,48.532387,43.608824
2024-09-01 23:50:02,2024-09-02 00:04:16,012 Boutonnet,046 Père Soulas,3156.0,849,44.9782454,43.629507950000004
2024-09-01 23:46:51,2024-09-02 00:16:50,021 Port Marianne,021 Port Marianne,3589.0,1792,43.6059165,43.6059165
2024-09-01 23:46:12,2024-09-02 00:16:55,021 Port Marianne,021 Port Marianne,3544.0,1836,43.6059165,43.6059165
2024-09-01 23:32:06,2024-09-02 00:02:51,021 Port Marianne,057 Saint-Guilhem,3401.0,1840,43.6059165,43.8573737
2024-09-01 23:29:11,2024-09-02 00:02:47,021 Port Marianne,057 Saint-Guilhem,3485.0,2011,43.6059165,43.8573737
2024-09-01 23:27:35,2024-09-01 23:28:36,021 Port Marianne,021 Port Marianne,8.0,58,43.6059165,43.6059165
2024-09-01 23:22:36,2024-09-01 23:22:57,021 Port Marianne,021 Port Marianne,0.0,17,43.6059165,43.6059165
2024-09-01 23:21:53,2024-09-01 23:22:15,021 Port Marianne,021 Port Marianne,0.0,17,43.6059165,43.6059165
2024-09-01 23:17:37,2024-09-01 23:40:07,043 Sabines,002 Comédie,4376.0,1344,21.1237455,43.60918635
2024-09-01 23:12:53,2024-09-02 00:34:45,010 Rondelet,010 Rondelet,9139.0,4900,48.532387,48.532387
2024-09-01 23:12:20,2024-09-01 23:43:10,029 Richter,029 Richter,4800.0,1846,43.12495056853164,43.12495056853164
2024-09-01 23:11:53,2024-09-01 23:12:18,010 Rondelet,010 Rondelet,0.0,20,48.532387,48.532387
2024-09-01 22:37:03,2024-09-01 22:44:32,013 Emile Combes,015 Les Aubes,1441.0,444,48.0988877,44.9765974
2024-09-01 22:28:43,2024-09-01 22:51:48,009 Observatoire,049 Tonnelles,3365.0,1380,48.8295667,45.3878932
2024-09-01 22:27:55,2024-09-01 22:51:56,009 Observatoire,049 Tonnelles,3401.0,1437,48.8295667,45.3878932
2024-09-01 22:09:03,2024-09-01 22:19:00,047 Place Viala,009 Observatoire,2272.0,593,43.8823078,48.8295667
2024-09-01 22:06:11,2024-09-01 22:06:31,012 Boutonnet,012 Boutonnet,0.0,16,44.9782454,44.9782454
2024-09-01 22:02:38,2024-09-01 22:13:02,011 Plan Cabanes,011 Plan Cabanes,1096.0,619,43.608824,43.608824
2024-09-01 21:47:59,2024-09-01 21:52:30,009 Observatoire,057 Saint-Guilhem,498.0,266,48.8295667,43.8573737
2024-09-01 21:36:31,2024-09-01 21:44:53,012 Boutonnet,007 Foch,1415.0,499,44.9782454,46.715742
2024-09-01 21:30:42,2024-09-01 21:31:06,036 Occitanie,036 Occitanie,0.0,19,43.46674525,43.46674525
2024-09-01 21:22:57,2024-09-01 21:34:11,025 Nouveau Saint-Roch,020 Gambetta,2144.0,670,43.1205741,37.698757705322194
2024-09-01 21:20:56,2024-09-01 21:22:43,025 Nouveau Saint-Roch,025 Nouveau Saint-Roch,55.0,103,43.1205741,43.1205741
2024-09-01 21:13:49,2024-09-01 21:55:40,002 Comédie,036 Occitanie,6036.0,2506,43.60918635,43.46674525
2024-09-01 21:12:23,2024-09-01 21:55:07,002 Comédie,036 Occitanie,6032.0,2560,43.60918635,43.46674525
2024-09-01 20:57:03,2024-09-01 21:24:34,043 Sabines,009 Observatoire,4357.0,1646,21.1237455,48.8295667
2024-09-01 20:56:16,2024-09-01 21:08:21,012 Boutonnet,009 Observatoire,2186.0,720,44.9782454,48.8295667
2024-09-01 20:55:59,2024-09-01 21:24:29,043 Sabines,009 Observatoire,4096.0,1705,21.1237455,48.8295667
2024-09-01 20:54:51,2024-09-01 20:55:11,021 Port Marianne,021 Port Marianne,0.0,15,43.6059165,43.6059165
2024-09-01 20:54:25,2024-09-01 21:15:37,007 Foch,039 Aiguelongue,4647.0,1268,46.715742,43.6331438
2024-09-01 20:44:18,2024-09-01 21:22:23,029 Richter,044 Celleneuve,6164.0,2281,43.12495056853164,43.6137045
2024-09-01 20:43:59,2024-09-01 21:22:30,029 Richter,044 Celleneuve,6156.0,2306,43.12495056853164,43.6137045
2024-09-01 20:40:48,2024-09-01 22:43:08,039 Aiguelongue,002 Comédie,2648.0,7335,43.6331438,43.60918635
2024-09-01 20:29:57,2024-09-01 21:47:44,021 Port Marianne,021 Port Marianne,8100.0,4660,43.6059165,43.6059165
2024-09-01 20:29:33,2024-09-01 21:47:53,021 Port Marianne,021 Port Marianne,8035.0,4695,43.6059165,43.6059165
2024-09-01 20:28:34,2024-09-01 20:36:22,039 Aiguelongue,005 Corum,1572.0,463,43.6331438,34.99256242424242
2024-09-01 20:26:39,2024-09-01 20:33:21,026 Renouvier,002 Comédie,1157.0,397,42.62099,43.60918635
2024-09-01 20:21:40,2024-09-01 22:41:24,012 Boutonnet,012 Boutonnet,2607.0,8380,44.9782454,44.9782454
2024-09-01 20:19:49,2024-09-01 20:38:47,013 Emile Combes,028 Saint-Denis,2162.0,1133,48.0988877,48.59514509
2024-09-01 20:12:33,2024-09-01 20:33:30,011 Plan Cabanes,011 Plan Cabanes,3567.0,1254,43.608824,43.608824
2024-09-01 20:06:08,2024-09-01 20:31:56,034 Vert Bois,034 Vert Bois,2025.0,1544,45.561860922767686,45.561860922767686
2024-09-01 20:05:55,2024-09-01 20:06:17,046 Père Soulas,046 Père Soulas,0.0,18,43.629507950000004,43.629507950000004
2024-09-01 20:04:59,2024-09-01 20:05:22,046 Père Soulas,046 Père Soulas,0.0,18,43.629507950000004,43.629507950000004
2024-09-01 19:51:16,2024-09-01 19:53:18,034 Vert Bois,034 Vert Bois,26.0,118,45.561860922767686,45.561860922767686
2024-09-01 19:43:57,2024-09-01 20:13:42,044 Celleneuve,033 Garcia Lorca,6669.0,1781,43.6137045,-32.41872631836735
2024-09-01 19:43:56,2024-09-01 19:44:25,046 Père Soulas,046 Père Soulas,2.0,25,43.629507950000004,43.629507950000004
2024-09-01 19:40:19,2024-09-01 19:53:58,036 Occitanie,012 Boutonnet,2460.0,816,43.46674525,44.9782454
2024-09-01 19:36:31,2024-09-01 19:44:05,015 Les Aubes,013 Emile Combes,1462.0,448,44.9765974,48.0988877
2024-09-01 19:35:31,2024-09-01 19:44:25,015 Les Aubes,019 Louis Blanc,1564.0,529,44.9765974,49.254858739999996
2024-09-01 19:34:41,2024-09-01 19:56:04,039 Aiguelongue,039 Aiguelongue,2634.0,1278,43.6331438,43.6331438
2024-09-01 19:34:31,2024-09-01 19:34:53,015 Les Aubes,015 Les Aubes,0.0,18,44.9765974,44.9765974
2024-09-01 19:32:35,2024-09-01 19:38:23,010 Rondelet,026 Renouvier,943.0,343,48.532387,42.62099
2024-09-01 19:31:41,2024-09-01 19:32:03,010 Rondelet,010 Rondelet,0.0,17,48.532387,48.532387
2024-09-01 19:30:13,2024-09-01 19:44:56,030 Charles Flahault,025 Nouveau Saint-Roch,2554.0,879,43.6207037,43.1205741
2024-09-01 19:26:14,2024-09-01 19:35:35,049 Tonnelles,023 Les Arceaux,2795.0,557,45.3878932,44.4849308
2024-09-01 19:20:53,2024-09-01 19:30:45,035 Malbosc,046 Père Soulas,2358.0,586,44.3462912,43.629507950000004
2024-09-01 19:15:43,2024-09-01 19:22:39,002 Comédie,011 Plan Cabanes,1004.0,412,43.60918635,43.608824
2024-09-01 19:14:56,2024-09-01 19:22:39,002 Comédie,011 Plan Cabanes,1039.0,460,43.60918635,43.608824
2024-09-01 19:13:53,2024-09-01 19:53:58,019 Louis Blanc,036 Occitanie,3761.0,2401,49.254858739999996,43.46674525
2024-09-01 18:57:51,2024-09-01 19:32:37,021 Port Marianne,021 Port Marianne,6336.0,2082,43.6059165,43.6059165
2024-09-01 18:55:27,2024-09-01 19:14:10,028 Saint-Denis,013 Emile Combes,2133.0,1119,48.59514509,48.0988877
2024-09-01 18:55:18,2024-09-01 19:10:24,033 Garcia Lorca,031 Voltaire,1686.0,901,-32.41872631836735,-34.767171000000005
2024-09-01 18:55:04,2024-09-01 19:10:32,033 Garcia Lorca,031 Voltaire,1703.0,925,-32.41872631836735,-34.767171000000005
2024-09-01 18:53:49,2024-09-01 19:06:00,046 Père Soulas,019 Louis Blanc,2583.0,727,43.629507950000004,49.254858739999996
2024-09-01 18:53:37,2024-09-01 20:04:12,046 Père Soulas,046 Père Soulas,9666.0,4231,43.629507950000004,43.629507950000004
2024-09-01 18:52:12,2024-09-01 19:07:25,002 Comédie,012 Boutonnet,2570.0,908,43.60918635,44.9782454
2024-09-01 18:51:54,2024-09-01 19:19:35,002 Comédie,049 Tonnelles,3585.0,1658,43.60918635,45.3878932
2024-09-01 18:48:53,2024-09-01 18:50:27,021 Port Marianne,021 Port Marianne,0.0,89,43.6059165,43.6059165
2024-09-01 18:46:52,2024-09-01 18:47:18,021 Port Marianne,021 Port Marianne,0.0,23,43.6059165,43.6059165
2024-09-01 18:45:52,2024-09-01 19:08:28,047 Place Viala,047 Place Viala,4257.0,1352,43.8823078,43.8823078
2024-09-01 18:45:25,2024-09-02 08:00:29,057 Saint-Guilhem,046 Père Soulas,2380.0,47696,43.8573737,43.629507950000004
2024-09-01 18:30:18,2024-09-01 19:36:34,029 Richter,029 Richter,8707.0,3972,43.12495056853164,43.12495056853164
2024-09-01 18:28:23,2024-09-01 19:36:40,029 Richter,029 Richter,8819.0,4093,43.12495056853164,43.12495056853164
2024-09-01 18:27:27,2024-09-01 18:40:23,010 Rondelet,057 Saint-Guilhem,1225.0,771,48.532387,43.8573737
2024-09-01 18:25:21,2024-09-01 21:17:41,010 Rondelet,010 Rondelet,13101.0,10337,48.532387,48.532387
2024-09-01 18:19:32,2024-09-01 18:28:48,023 Les Arceaux,046 Père Soulas,2419.0,551,44.4849308,43.629507950000004
2024-09-01 18:02:05,2024-09-01 18:14:51,049 Tonnelles,009 Observatoire,3749.0,761,45.3878932,48.8295667
2024-09-01 17:58:52,2024-09-01 17:59:18,011 Plan Cabanes,011 Plan Cabanes,0.0,22,43.608824,43.608824
2024-09-01 17:57:39,2024-09-01 17:58:01,011 Plan Cabanes,011 Plan Cabanes,0.0,17,43.608824,43.608824
2024-09-01 17:51:41,2024-09-01 17:52:24,034 Vert Bois,034 Vert Bois,0.0,38,45.561860922767686,45.561860922767686
2024-09-01 17:49:32,2024-09-01 18:03:54,026 Renouvier,046 Père Soulas,3101.0,857,42.62099,43.629507950000004
2024-09-01 17:42:47,2024-09-01 17:54:52,046 Père Soulas,011 Plan Cabanes,1931.0,720,43.629507950000004,43.608824
2024-09-01 17:40:59,2024-09-01 17:48:30,026 Renouvier,002 Comédie,1394.0,447,42.62099,43.60918635
2024-09-01 17:35:27,2024-09-03 20:42:46,057 Saint-Guilhem,057 Saint-Guilhem,933.0,184035,43.8573737,43.8573737
2024-09-01 17:29:49,2024-09-01 17:48:08,007 Foch,036 Occitanie,3459.0,1094,46.715742,43.46674525
2024-09-01 17:28:20,2024-09-01 17:28:49,021 Port Marianne,021 Port Marianne,0.0,23,43.6059165,43.6059165
2024-09-01 17:16:04,2024-09-03 12:25:03,014 Beaux-Arts,014 Beaux-Arts,4118.0,155333,40.90263984580557,40.90263984580557
2024-09-01 17:00:19,2024-09-01 18:52:15,029 Richter,029 Richter,8170.0,6712,43.12495056853164,43.12495056853164
2024-09-01 16:59:45,2024-09-01 18:50:58,029 Richter,029 Richter,8106.0,6669,43.12495056853164,43.12495056853164
2024-09-01 16:59:34,2024-09-01 18:51:13,029 Richter,029 Richter,8833.0,6695,43.12495056853164,43.12495056853164
2024-09-01 16:56:26,2024-09-01 17:14:35,036 Occitanie,009 Observatoire,4192.0,1086,43.46674525,48.8295667
2024-09-01 16:54:07,2024-09-01 17:28:53,012 Boutonnet,012 Boutonnet,5472.0,2083,44.9782454,44.9782454
2024-09-01 16:51:39,2024-09-01 17:17:17,030 Charles Flahault,030 Charles Flahault,3930.0,1534,43.6207037,43.6207037
2024-09-01 16:49:53,2024-09-01 21:41:16,013 Emile Combes,013 Emile Combes,6030.0,17479,48.0988877,48.0988877
2024-09-01 16:46:41,2024-09-01 16:48:26,025 Nouveau Saint-Roch,025 Nouveau Saint-Roch,0.0,101,43.1205741,43.1205741
2024-09-01 16:46:16,2024-09-01 17:24:10,009 Observatoire,009 Observatoire,198.0,2269,48.8295667,48.8295667
2024-09-01 16:42:45,2024-09-01 16:43:09,012 Boutonnet,012 Boutonnet,2.0,19,44.9782454,44.9782454
2024-09-01 16:42:14,2024-09-01 19:40:20,021 Port Marianne,021 Port Marianne,23270.0,10681,43.6059165,43.6059165
2024-09-01 16:41:42,2024-09-01 17:30:27,034 Vert Bois,034 Vert Bois,2866.0,2921,45.561860922767686,45.561860922767686
2024-09-01 16:40:57,2024-09-01 19:41:21,021 Port Marianne,021 Port Marianne,23082.0,10819,43.6059165,43.6059165
2024-09-01 16:38:42,2024-09-01 16:56:59,059 Sud De France,031 Voltaire,3965.0,1091,47.5743085,-34.767171000000005
2024-09-01 16:38:30,2024-09-01 17:29:55,034 Vert Bois,034 Vert Bois,2799.0,3079,45.561860922767686,45.561860922767686
2024-09-01 16:37:24,2024-09-01 16:40:12,034 Vert Bois,034 Vert Bois,44.0,162,45.561860922767686,45.561860922767686
2024-09-01 16:27:49,2024-09-01 16:34:26,012 Boutonnet,019 Louis Blanc,1298.0,392,44.9782454,49.254858739999996
2024-09-01 16:27:03,2024-09-01 16:27:30,042 Marie Caizergues,042 Marie Caizergues,0.0,22,43.6201061,43.6201061
2024-09-01 16:26:12,2024-09-01 16:43:41,046 Père Soulas,046 Père Soulas,3067.0,1044,43.629507950000004,43.629507950000004
2024-09-01 16:20:07,2024-09-01 16:33:05,014 Beaux-Arts,012 Boutonnet,2111.0,773,40.90263984580557,44.9782454
2024-09-01 16:19:57,2024-09-01 20:42:38,002 Comédie,002 Comédie,26799.0,15757,43.60918635,43.60918635
2024-09-01 16:16:39,2024-09-01 17:16:00,036 Occitanie,036 Occitanie,8327.0,3556,43.46674525,43.46674525
2024-09-01 16:15:47,2024-09-01 17:16:04,036 Occitanie,036 Occitanie,8415.0,3611,43.46674525,43.46674525
2024-09-01 16:15:13,2024-09-01 17:16:00,036 Occitanie,036 Occitanie,8272.0,3642,43.46674525,43.46674525
2024-09-01 16:14:07,2024-09-01 19:31:58,039 Aiguelongue,039 Aiguelongue,4982.0,11867,43.6331438,43.6331438
2024-09-01 16:13:33,2024-09-01 16:14:39,034 Vert Bois,034 Vert Bois,8.0,62,45.561860922767686,45.561860922767686
2024-09-01 16:10:51,2024-09-01 16:11:16,036 Occitanie,036 Occitanie,0.0,20,43.46674525,43.46674525
2024-09-01 16:08:01,2024-09-01 16:08:41,036 Occitanie,036 Occitanie,0.0,35,43.46674525,43.46674525
2024-09-01 16:06:57,2024-09-01 16:18:49,012 Boutonnet,026 Renouvier,2623.0,707,44.9782454,42.62099
2024-09-01 16:03:50,2024-09-01 16:24:07,012 Boutonnet,002 Comédie,2617.0,1212,44.9782454,43.60918635
2024-09-01 16:03:14,2024-09-01 17:48:58,015 Les Aubes,015 Les Aubes,6068.0,6340,44.9765974,44.9765974
2024-09-01 15:55:10,2024-09-01 18:06:57,021 Port Marianne,021 Port Marianne,19158.0,7904,43.6059165,43.6059165
2024-09-01 15:55:08,2024-09-01 17:06:30,029 Richter,029 Richter,8008.0,4277,43.12495056853164,43.12495056853164
2024-09-01 15:51:41,2024-09-01 17:20:40,029 Richter,023 Les Arceaux,12274.0,5335,43.12495056853164,44.4849308
2024-09-01 15:50:25,2024-09-01 17:20:33,029 Richter,023 Les Arceaux,11461.0,5404,43.12495056853164,44.4849308
2024-09-01 15:48:27,2024-09-01 15:50:17,034 Vert Bois,034 Vert Bois,28.0,105,45.561860922767686,45.561860922767686
2024-09-01 15:48:10,2024-09-01 15:48:57,029 Richter,029 Richter,0.0,42,43.12495056853164,43.12495056853164
2024-09-01 15:46:34,2024-09-01 15:47:53,034 Vert Bois,034 Vert Bois,0.0,74,45.561860922767686,45.561860922767686
2024-09-01 15:38:49,2024-09-01 15:50:04,046 Père Soulas,057 Saint-Guilhem,2227.0,670,43.629507950000004,43.8573737
2024-09-01 15:30:07,2024-09-01 15:50:33,044 Celleneuve,025 Nouveau Saint-Roch,4427.0,1222,43.6137045,43.1205741
2024-09-01 15:28:33,2024-09-01 15:28:55,044 Celleneuve,044 Celleneuve,0.0,17,43.6137045,43.6137045
2024-09-01 15:17:49,2024-09-01 16:01:07,010 Rondelet,035 Malbosc,8484.0,2594,48.532387,44.3462912
2024-09-01 15:16:44,2024-09-01 15:17:03,010 Rondelet,010 Rondelet,0.0,15,48.532387,48.532387
2024-09-01 15:16:02,2024-09-01 15:16:21,010 Rondelet,010 Rondelet,0.0,14,48.532387,48.532387
2024-09-01 14:56:53,2024-09-01 15:07:25,015 Les Aubes,005 Corum,1359.0,628,44.9765974,34.99256242424242
2024-09-01 14:56:19,2024-09-01 15:06:31,015 Les Aubes,005 Corum,1259.0,608,44.9765974,34.99256242424242
2024-09-01 14:55:31,2024-09-01 14:55:53,015 Les Aubes,015 Les Aubes,0.0,17,44.9765974,44.9765974
2024-09-01 14:54:26,2024-09-01 14:54:48,015 Les Aubes,015 Les Aubes,0.0,17,44.9765974,44.9765974
2024-09-01 14:46:06,2024-09-01 15:52:27,021 Port Marianne,021 Port Marianne,9385.0,3977,43.6059165,43.6059165
2024-09-01 14:44:33,2024-09-02 06:43:23,057 Saint-Guilhem,057 Saint-Guilhem,4345.0,57523,43.8573737,43.8573737
2024-09-01 14:44:20,2024-09-01 15:52:07,021 Port Marianne,021 Port Marianne,9199.0,4062,43.6059165,43.6059165
2024-09-01 14:40:04,2024-09-01 16:13:14,047 Place Viala,009 Observatoire,2450.0,5585,43.8823078,48.8295667
2024-09-01 14:37:35,2024-09-01 15:50:48,021 Port Marianne,021 Port Marianne,18259.0,4388,43.6059165,43.6059165
2024-09-01 14:27:20,2024-09-01 14:49:29,026 Renouvier,035 Malbosc,4815.0,1324,42.62099,44.3462912
2024-09-01 14:26:59,2024-09-01 23:36:16,010 Rondelet,010 Rondelet,6085.0,32954,48.532387,48.532387
2024-09-01 14:25:51,2024-09-01 14:43:00,042 Marie Caizergues,036 Occitanie,2973.0,1022,43.6201061,43.46674525
2024-09-01 14:21:12,2024-09-01 14:24:45,011 Plan Cabanes,009 Observatoire,888.0,208,43.608824,48.8295667
2024-09-01 14:13:46,2024-09-01 14:24:13,046 Père Soulas,019 Louis Blanc,1978.0,624,43.629507950000004,49.254858739999996
2024-09-01 14:12:37,2024-09-01 15:40:42,015 Les Aubes,015 Les Aubes,2338.0,5282,44.9765974,44.9765974
2024-09-01 14:11:42,2024-09-01 14:26:39,034 Vert Bois,036 Occitanie,2460.0,890,45.561860922767686,43.46674525
2024-09-01 14:11:30,2024-09-01 14:26:39,034 Vert Bois,036 Occitanie,2409.0,904,45.561860922767686,43.46674525
2024-09-01 14:03:17,2024-09-01 15:45:06,021 Port Marianne,030 Charles Flahault,9170.0,6105,43.6059165,43.6207037
2024-09-01 14:01:21,2024-09-01 14:01:51,013 Emile Combes,013 Emile Combes,0.0,25,48.0988877,48.0988877
2024-09-01 14:00:24,2024-09-01 14:00:54,013 Emile Combes,013 Emile Combes,0.0,26,48.0988877,48.0988877
2024-09-01 13:45:30,2024-09-01 13:59:19,034 Vert Bois,046 Père Soulas,2558.0,823,45.561860922767686,43.629507950000004
2024-09-01 13:37:52,2024-09-01 13:57:20,043 Sabines,026 Renouvier,3271.0,1164,21.1237455,42.62099
2024-09-01 13:35:12,2024-09-01 13:57:28,041 Euromédecine,019 Louis Blanc,5584.0,1331,43.6353103,49.254858739999996
2024-09-01 13:22:27,2024-09-01 14:22:45,046 Père Soulas,046 Père Soulas,7247.0,3614,43.629507950000004,43.629507950000004
2024-09-01 13:21:35,2024-09-01 14:34:01,046 Père Soulas,047 Place Viala,8433.0,4341,43.629507950000004,43.8823078
2024-09-01 13:19:59,2024-09-01 14:34:47,046 Père Soulas,047 Place Viala,9448.0,4484,43.629507950000004,43.8823078
2024-09-01 13:14:44,2024-09-01 13:23:59,057 Saint-Guilhem,007 Foch,649.0,551,43.8573737,46.715742
2024-09-01 13:14:01,2024-09-01 13:14:24,057 Saint-Guilhem,057 Saint-Guilhem,0.0,19,43.8573737,43.8573737
2024-09-01 13:10:58,2024-09-01 13:24:43,034 Vert Bois,013 Emile Combes,2817.0,820,45.561860922767686,48.0988877
2024-09-01 13:04:29,2024-09-01 13:59:35,021 Port Marianne,021 Port Marianne,8366.0,3303,43.6059165,43.6059165
2024-09-01 13:02:47,2024-09-01 13:10:25,039 Aiguelongue,005 Corum,1639.0,455,43.6331438,34.99256242424242
2024-09-01 12:59:44,2024-09-01 13:40:23,019 Louis Blanc,019 Louis Blanc,4369.0,2435,49.254858739999996,49.254858739999996
2024-09-01 12:54:59,2024-09-01 13:22:29,034 Vert Bois,007 Foch,4292.0,1646,45.561860922767686,46.715742
2024-09-01 12:53:39,2024-09-01 13:42:22,019 Louis Blanc,002 Comédie,3216.0,2918,49.254858739999996,43.60918635
2024-09-01 12:52:34,2024-09-01 13:22:08,034 Vert Bois,007 Foch,4371.0,1769,45.561860922767686,46.715742
2024-09-01 12:47:13,2024-09-01 15:09:31,021 Port Marianne,021 Port Marianne,21939.0,8536,43.6059165,43.6059165
2024-09-01 12:46:55,2024-09-01 18:36:32,020 Gambetta,011 Plan Cabanes,29841.0,20973,37.698757705322194,43.608824
2024-09-01 12:41:34,2024-09-01 13:30:59,010 Rondelet,009 Observatoire,2413.0,2959,48.532387,48.8295667
2024-09-01 12:40:22,2024-09-01 12:40:44,010 Rondelet,010 Rondelet,0.0,16,48.532387,48.532387
2024-09-01 12:33:21,2024-09-01 13:31:10,025 Nouveau Saint-Roch,009 Observatoire,12192.0,3464,43.1205741,48.8295667
2024-09-01 12:31:36,2024-09-01 12:41:53,039 Aiguelongue,005 Corum,1560.0,612,43.6331438,34.99256242424242
2024-09-01 12:13:44,2024-09-01 14:13:02,049 Tonnelles,009 Observatoire,6795.0,7153,45.3878932,48.8295667
2024-09-01 12:07:55,2024-09-01 16:12:20,029 Richter,029 Richter,22811.0,14661,43.12495056853164,43.12495056853164
2024-09-01 12:05:58,2024-09-01 12:06:21,044 Celleneuve,044 Celleneuve,0.0,18,43.6137045,43.6137045
2024-09-01 12:05:07,2024-09-01 12:05:29,044 Celleneuve,044 Celleneuve,0.0,18,43.6137045,43.6137045
2024-09-01 12:03:59,2024-09-01 12:29:01,039 Aiguelongue,021 Port Marianne,4835.0,1497,43.6331438,43.6059165
2024-09-01 12:00:45,2024-09-01 19:05:20,013 Emile Combes,013 Emile Combes,39874.0,25472,48.0988877,48.0988877
2024-09-01 12:00:02,2024-09-01 19:05:14,013 Emile Combes,013 Emile Combes,40249.0,25508,48.0988877,48.0988877
2024-09-01 11:59:27,2024-09-01 12:00:16,013 Emile Combes,013 Emile Combes,0.0,44,48.0988877,48.0988877
2024-09-01 11:51:26,2024-09-01 19:47:19,011 Plan Cabanes,047 Place Viala,29780.0,28549,43.608824,43.8823078
2024-09-01 11:46:36,2024-09-01 13:22:05,042 Marie Caizergues,042 Marie Caizergues,6172.0,5726,43.6201061,43.6201061
2024-09-01 11:44:31,2024-09-01 11:44:50,021 Port Marianne,021 Port Marianne,0.0,14,43.6059165,43.6059165
2024-09-01 11:43:28,2024-09-01 11:43:54,021 Port Marianne,021 Port Marianne,0.0,22,43.6059165,43.6059165
2024-09-01 11:42:50,2024-09-01 11:43:11,021 Port Marianne,021 Port Marianne,0.0,17,43.6059165,43.6059165
2024-09-01 11:42:12,2024-09-01 11:42:33,021 Port Marianne,021 Port Marianne,0.0,17,43.6059165,43.6059165
2024-09-01 11:40:50,2024-09-01 16:14:26,002 Comédie,021 Port Marianne,31967.0,16412,43.60918635,43.6059165
2024-09-01 11:40:16,2024-09-01 12:21:59,023 Les Arceaux,026 Renouvier,2969.0,2498,44.4849308,42.62099
2024-09-01 11:39:50,2024-09-01 11:41:26,021 Port Marianne,021 Port Marianne,83.0,92,43.6059165,43.6059165
2024-09-01 11:38:31,2024-09-01 11:39:06,021 Port Marianne,021 Port Marianne,6.0,31,43.6059165,43.6059165
2024-09-01 11:37:46,2024-09-01 16:01:20,021 Port Marianne,021 Port Marianne,24714.0,15811,43.6059165,43.6059165
2024-09-01 11:35:18,2024-09-01 11:43:57,030 Charles Flahault,011 Plan Cabanes,1298.0,515,43.6207037,43.608824
2024-09-01 11:35:13,2024-09-01 11:43:15,030 Charles Flahault,011 Plan Cabanes,1290.0,478,43.6207037,43.608824
2024-09-01 11:28:34,2024-09-01 16:50:17,026 Renouvier,026 Renouvier,19060.0,19299,42.62099,42.62099
2024-09-01 11:25:04,2024-09-01 16:50:16,026 Renouvier,026 Renouvier,17524.0,19510,42.62099,42.62099
2024-09-01 11:14:37,2024-09-01 11:23:48,034 Vert Bois,012 Boutonnet,2231.0,547,45.561860922767686,44.9782454
2024-09-01 11:11:04,2024-09-01 16:41:52,012 Boutonnet,012 Boutonnet,37319.0,19844,44.9782454,44.9782454
2024-09-01 11:02:53,2024-09-01 11:08:36,039 Aiguelongue,005 Corum,1600.0,339,43.6331438,34.99256242424242
2024-09-01 10:59:28,2024-09-01 11:11:32,015 Les Aubes,002 Comédie,2391.0,719,44.9765974,43.60918635
2024-09-01 10:52:10,2024-09-01 11:04:15,025 Nouveau Saint-Roch,033 Garcia Lorca,1943.0,722,43.1205741,-32.41872631836735
2024-09-01 10:48:35,2024-09-01 11:39:58,026 Renouvier,023 Les Arceaux,1651.0,3078,42.62099,44.4849308
2024-09-01 10:46:02,2024-09-01 11:52:28,014 Beaux-Arts,005 Corum,5329.0,3981,40.90263984580557,34.99256242424242
2024-09-01 10:42:30,2024-09-01 13:04:43,049 Tonnelles,049 Tonnelles,8149.0,8529,45.3878932,45.3878932
2024-09-01 10:41:36,2024-09-01 10:42:09,014 Beaux-Arts,014 Beaux-Arts,0.0,27,40.90263984580557,40.90263984580557
2024-09-01 10:39:42,2024-09-01 16:06:12,010 Rondelet,010 Rondelet,6371.0,19587,48.532387,48.532387
2024-09-01 10:34:25,2024-09-01 11:52:29,014 Beaux-Arts,005 Corum,5370.0,4676,40.90263984580557,34.99256242424242
2024-09-01 10:29:51,2024-09-01 10:33:21,005 Corum,014 Beaux-Arts,430.0,206,34.99256242424242,40.90263984580557
2024-09-01 10:28:54,2024-09-01 13:08:06,015 Les Aubes,015 Les Aubes,28030.0,9547,44.9765974,44.9765974
2024-09-01 10:28:20,2024-09-01 13:10:13,015 Les Aubes,015 Les Aubes,29029.0,9709,44.9765974,44.9765974
2024-09-01 10:27:32,2024-09-01 10:34:58,005 Corum,014 Beaux-Arts,451.0,442,34.99256242424242,40.90263984580557
2024-09-01 10:26:43,2024-09-01 10:29:27,005 Corum,005 Corum,2.0,157,34.99256242424242,34.99256242424242
2024-09-01 10:24:54,2024-09-01 14:52:20,021 Port Marianne,021 Port Marianne,24397.0,16042,43.6059165,43.6059165
2024-09-01 10:23:31,2024-09-01 11:26:42,011 Plan Cabanes,010 Rondelet,1021.0,381,43.608824,48.532387
2024-09-01 10:23:00,2024-09-01 14:52:17,021 Port Marianne,021 Port Marianne,24136.0,16154,43.6059165,43.6059165
2024-09-01 10:21:56,2024-09-01 14:52:26,021 Port Marianne,021 Port Marianne,24107.0,16227,43.6059165,43.6059165
2024-09-01 10:21:31,2024-09-01 10:58:28,019 Louis Blanc,012 Boutonnet,6089.0,2213,49.254858739999996,44.9782454
2024-09-01 10:18:37,2024-09-01 10:31:48,044 Celleneuve,057 Saint-Guilhem,3322.0,787,43.6137045,43.8573737
2024-09-01 10:03:04,2024-09-01 10:08:47,044 Celleneuve,049 Tonnelles,667.0,339,43.6137045,45.3878932
2024-09-01 10:01:58,2024-09-01 10:08:53,044 Celleneuve,049 Tonnelles,716.0,412,43.6137045,45.3878932
2024-09-01 09:57:09,2024-09-01 10:11:25,046 Père Soulas,002 Comédie,2626.0,852,43.629507950000004,43.60918635
2024-09-01 09:36:22,2024-09-01 09:42:24,005 Corum,005 Corum,245.0,356,34.99256242424242,34.99256242424242
2024-09-01 09:33:37,2024-09-01 09:47:23,044 Celleneuve,011 Plan Cabanes,3173.0,821,43.6137045,43.608824
2024-09-01 09:32:14,2024-09-01 09:41:15,012 Boutonnet,036 Occitanie,2299.0,537,44.9782454,43.46674525
2024-09-01 09:31:48,2024-09-01 09:52:00,036 Occitanie,002 Comédie,4198.0,1207,43.46674525,43.60918635
2024-09-01 09:17:38,2024-09-01 09:18:00,013 Emile Combes,013 Emile Combes,0.0,17,48.0988877,48.0988877
2024-09-01 09:16:58,2024-09-01 09:17:22,013 Emile Combes,013 Emile Combes,0.0,18,48.0988877,48.0988877
2024-09-01 08:46:15,2024-09-01 10:21:50,021 Port Marianne,021 Port Marianne,19188.0,5730,43.6059165,43.6059165
2024-09-01 08:39:58,2024-09-01 18:04:43,011 Plan Cabanes,011 Plan Cabanes,10046.0,33881,43.608824,43.608824
2024-09-01 07:16:50,2024-09-01 07:38:43,044 Celleneuve,043 Sabines,5770.0,1309,43.6137045,21.1237455
2024-09-01 06:39:16,2024-09-01 06:54:19,025 Nouveau Saint-Roch,043 Sabines,2850.0,898,43.1205741,21.1237455
2024-09-01 06:23:29,2024-09-01 06:38:16,026 Renouvier,021 Port Marianne,3918.0,882,42.62099,43.6059165
2024-09-01 06:22:04,2024-09-01 07:00:25,057 Saint-Guilhem,034 Vert Bois,5043.0,2297,43.8573737,45.561860922767686
2024-09-01 06:21:42,2024-09-01 07:03:53,057 Saint-Guilhem,034 Vert Bois,4992.0,2526,43.8573737,45.561860922767686
2024-09-01 06:19:59,2024-09-01 06:23:12,026 Renouvier,026 Renouvier,134.0,189,42.62099,42.62099
2024-09-01 05:42:43,2024-09-01 05:55:25,044 Celleneuve,036 Occitanie,3336.0,757,43.6137045,43.46674525
2024-09-01 05:38:58,2024-09-01 05:55:17,036 Occitanie,030 Charles Flahault,3759.0,975,43.46674525,43.6207037
2024-09-01 05:38:03,2024-09-01 05:38:22,036 Occitanie,036 Occitanie,0.0,15,43.46674525,43.46674525
2024-09-01 05:36:21,2024-09-01 19:28:04,024 Cité Mion,012 Boutonnet,8566.0,49900,43.5972995,44.9782454
2024-09-01 05:34:54,2024-09-01 05:35:47,024 Cité Mion,024 Cité Mion,0.0,49,43.5972995,43.5972995
2024-09-01 05:22:43,2024-09-01 05:28:05,005 Corum,019 Louis Blanc,383.0,317,34.99256242424242,49.254858739999996
2024-09-01 05:10:52,2024-09-01 05:34:26,002 Comédie,057 Saint-Guilhem,655.0,1410,43.60918635,43.8573737
2024-09-01 05:03:23,2024-09-01 05:32:41,002 Comédie,036 Occitanie,4584.0,1754,43.60918635,43.46674525
2024-09-01 04:56:13,2024-09-01 05:21:15,005 Corum,030 Charles Flahault,3514.0,1498,34.99256242424242,43.6207037
2024-09-01 04:56:08,2024-09-01 05:02:53,002 Comédie,002 Comédie,12.0,401,43.60918635,43.60918635
2024-09-01 04:55:33,2024-09-01 05:32:52,002 Comédie,036 Occitanie,4972.0,2235,43.60918635,43.46674525
2024-09-01 04:48:09,2024-09-01 05:13:05,005 Corum,011 Plan Cabanes,1995.0,1491,34.99256242424242,43.608824
2024-09-01 04:38:07,2024-09-01 04:39:15,002 Comédie,002 Comédie,2.0,63,43.60918635,43.60918635
2024-09-01 04:36:10,2024-09-01 04:39:38,002 Comédie,002 Comédie,6.0,203,43.60918635,43.60918635
2024-09-01 04:34:46,2024-09-01 04:51:40,057 Saint-Guilhem,047 Place Viala,3316.0,1009,43.8573737,43.8823078
2024-09-01 04:32:08,2024-09-01 04:56:18,019 Louis Blanc,036 Occitanie,3538.0,1445,49.254858739999996,43.46674525
2024-09-01 04:31:24,2024-09-01 04:56:38,019 Louis Blanc,036 Occitanie,3540.0,1509,49.254858739999996,43.46674525
2024-09-01 04:25:04,2024-09-01 04:48:47,049 Tonnelles,005 Corum,3988.0,1418,45.3878932,34.99256242424242
2024-09-01 04:13:24,2024-09-01 04:21:31,002 Comédie,002 Comédie,12.0,482,43.60918635,43.60918635
2024-09-01 04:11:53,2024-09-01 04:16:51,002 Comédie,002 Comédie,22.0,294,43.60918635,43.60918635
2024-09-01 04:11:23,2024-09-01 04:11:44,002 Comédie,002 Comédie,0.0,16,43.60918635,43.60918635
2024-09-01 04:11:06,2024-09-01 04:44:27,057 Saint-Guilhem,046 Père Soulas,2378.0,1996,43.8573737,43.629507950000004
2024-09-01 04:04:08,2024-09-01 04:51:38,057 Saint-Guilhem,047 Place Viala,3446.0,2844,43.8573737,43.8823078
2024-09-01 04:02:44,2024-09-01 04:13:46,002 Comédie,014 Beaux-Arts,2046.0,659,43.60918635,40.90263984580557
2024-09-01 04:00:40,2024-09-01 04:12:07,019 Louis Blanc,024 Cité Mion,2613.0,683,49.254858739999996,43.5972995
2024-09-01 03:56:10,2024-09-01 04:42:37,002 Comédie,012 Boutonnet,1723.0,2782,43.60918635,44.9782454
2024-09-01 03:51:25,2024-09-01 04:26:08,019 Louis Blanc,036 Occitanie,3269.0,2077,49.254858739999996,43.46674525
2024-09-01 03:45:32,2024-09-01 03:56:20,009 Observatoire,014 Beaux-Arts,1460.0,644,48.8295667,40.90263984580557
2024-09-01 03:44:13,2024-09-01 03:44:47,009 Observatoire,009 Observatoire,0.0,29,48.8295667,48.8295667
2024-09-01 03:43:25,2024-09-01 03:56:27,009 Observatoire,014 Beaux-Arts,2346.0,778,48.8295667,40.90263984580557
2024-09-01 03:23:59,2024-09-01 03:29:57,031 Voltaire,021 Port Marianne,1374.0,354,-34.767171000000005,43.6059165
2024-09-01 03:21:20,2024-09-01 03:59:16,002 Comédie,002 Comédie,0.0,2272,43.60918635,43.60918635
2024-09-01 03:20:50,2024-09-01 03:21:14,002 Comédie,002 Comédie,2.0,19,43.60918635,43.60918635
2024-09-01 03:19:31,2024-09-01 03:19:50,002 Comédie,002 Comédie,0.0,15,43.60918635,43.60918635
2024-09-01 02:53:31,2024-09-01 03:26:59,036 Occitanie,002 Comédie,4843.0,2003,43.46674525,43.60918635
2024-09-01 02:53:07,2024-09-01 03:14:41,036 Occitanie,005 Corum,4188.0,1291,43.46674525,34.99256242424242
2024-09-01 02:24:19,2024-09-01 03:01:39,030 Charles Flahault,035 Malbosc,3506.0,2236,43.6207037,44.3462912
2024-09-01 02:23:56,2024-09-01 02:51:02,002 Comédie,036 Occitanie,4659.0,1621,43.60918635,43.46674525
2024-09-01 02:21:18,2024-09-01 02:51:05,002 Comédie,036 Occitanie,4774.0,1783,43.60918635,43.46674525
2024-09-01 02:20:41,2024-09-01 02:21:32,029 Richter,029 Richter,0.0,46,43.12495056853164,43.12495056853164
2024-09-01 02:19:04,2024-09-01 02:19:25,025 Nouveau Saint-Roch,025 Nouveau Saint-Roch,0.0,16,43.1205741,43.1205741
2024-09-01 02:15:57,2024-09-01 02:20:23,009 Observatoire,002 Comédie,210.0,261,48.8295667,43.60918635
2024-09-01 02:14:05,2024-09-01 02:34:16,013 Emile Combes,029 Richter,4347.0,1205,48.0988877,43.12495056853164
2024-09-01 02:13:02,2024-09-01 09:18:40,013 Emile Combes,013 Emile Combes,0.0,25534,48.0988877,48.0988877
2024-09-01 02:12:18,2024-09-01 02:13:04,013 Emile Combes,013 Emile Combes,0.0,41,48.0988877,48.0988877
2024-09-01 01:57:53,2024-09-01 02:02:20,031 Voltaire,009 Observatoire,786.0,262,-34.767171000000005,48.8295667
2024-09-01 01:50:56,2024-09-01 02:22:38,012 Boutonnet,011 Plan Cabanes,4096.0,1762,44.9782454,43.608824
2024-09-01 01:50:47,2024-09-01 01:51:29,012 Boutonnet,012 Boutonnet,0.0,37,44.9782454,44.9782454
2024-09-01 01:45:18,2024-09-01 01:57:15,028 Saint-Denis,033 Garcia Lorca,2511.0,712,48.59514509,-32.41872631836735
2024-09-01 01:43:24,2024-09-01 01:50:33,007 Foch,047 Place Viala,1627.0,424,46.715742,43.8823078
2024-09-01 01:33:43,2024-09-01 01:44:03,030 Charles Flahault,005 Corum,1517.0,617,43.6207037,34.99256242424242
2024-09-01 01:31:44,2024-09-01 01:43:47,030 Charles Flahault,005 Corum,1617.0,718,43.6207037,34.99256242424242
2024-09-01 01:26:10,2024-09-01 01:26:31,002 Comédie,002 Comédie,0.0,17,43.60918635,43.60918635
2024-09-01 01:24:40,2024-09-01 01:25:01,002 Comédie,002 Comédie,0.0,17,43.60918635,43.60918635
2024-09-01 01:16:14,2024-09-01 03:55:43,019 Louis Blanc,036 Occitanie,3363.0,9564,49.254858739999996,43.46674525
2024-09-01 01:15:40,2024-09-01 03:55:46,019 Louis Blanc,036 Occitanie,3371.0,9601,49.254858739999996,43.46674525
2024-09-01 01:07:56,2024-09-01 01:18:06,046 Père Soulas,036 Occitanie,2554.0,605,43.629507950000004,43.46674525
2024-09-01 01:05:38,2024-09-01 01:19:54,034 Vert Bois,019 Louis Blanc,2811.0,851,45.561860922767686,49.254858739999996
2024-09-01 01:04:57,2024-09-01 01:11:02,005 Corum,015 Les Aubes,1300.0,359,34.99256242424242,44.9765974
2024-09-01 01:03:44,2024-09-01 01:04:50,034 Vert Bois,034 Vert Bois,20.0,61,45.561860922767686,45.561860922767686
2024-09-01 01:00:27,2024-09-01 01:00:52,012 Boutonnet,012 Boutonnet,0.0,20,44.9782454,44.9782454
2024-09-01 00:49:49,2024-09-01 01:00:14,034 Vert Bois,046 Père Soulas,2468.0,620,45.561860922767686,43.629507950000004
2024-09-01 00:45:20,2024-09-01 00:55:50,047 Place Viala,002 Comédie,2519.0,624,43.8823078,43.60918635
2024-09-01 00:44:55,2024-09-01 00:55:45,047 Place Viala,002 Comédie,2487.0,646,43.8823078,43.60918635
2024-09-01 00:37:54,2024-09-01 00:44:36,007 Foch,012 Boutonnet,1419.0,397,46.715742,44.9782454
2024-09-01 00:32:53,2024-09-01 00:39:48,009 Observatoire,031 Voltaire,1139.0,414,48.8295667,-34.767171000000005
2024-09-01 00:18:12,2024-09-01 00:32:52,012 Boutonnet,034 Vert Bois,1813.0,876,44.9782454,45.561860922767686
2024-09-01 00:08:54,2024-09-01 00:17:17,005 Corum,012 Boutonnet,1790.0,498,34.99256242424242,44.9782454
2024-09-01 00:07:22,2024-09-01 00:13:37,009 Observatoire,011 Plan Cabanes,771.0,371,48.8295667,43.608824
2024-09-01 00:06:42,2024-09-01 00:07:05,009 Observatoire,009 Observatoire,0.0,15,48.8295667,48.8295667
2024-09-01 00:05:23,2024-09-01 00:05:43,009 Observatoire,009 Observatoire,0.0,16,48.8295667,48.8295667
2024-09-01 00:04:19,2024-09-01 00:05:06,009 Observatoire,009 Observatoire,6.0,43,48.8295667,48.8295667
2024-09-01 00:02:01,2024-09-01 00:10:37,023 Les Arceaux,046 Père Soulas,1488.0,507,44.4849308,43.629507950000004
2024-09-01 00:01:27,2024-09-01 00:10:41,023 Les Arceaux,046 Père Soulas,1468.0,545,44.4849308,43.629507950000004
