Departure,Return,Departure station,Return station,Covered distance (m),Duration (sec.)
2024-09-01 23:57:23,2024-09-02 00:08:24,002 Comédie,012 Boutonnet,2227.0,653
2024-09-01 23:55:08,2024-09-02 00:03:28,011 Plan Cabanes,025 Nouveau Saint-Roch,1343.0,496
2024-09-01 23:53:08,2024-09-02 01:45:52,017 Médiathèque Emile Zola,017 Médiathèque Emile Zola,5660.0,6756
2024-09-01 23:52:16,2024-09-02 01:23:33,017 Médiathèque Emile Zola,029 Richter,5031.0,5469
2024-09-01 23:51:43,2024-09-01 23:57:33,010 Rondelet,011 Plan Cabanes,971.0,346
2024-09-01 23:50:02,2024-09-02 00:04:16,012 Boutonnet,046 Père Soulas,3156.0,849
2024-09-01 23:47:35,2024-09-02 00:34:40,006 Place Albert 1er - St Charles,010 Rondelet,5686.0,2817
2024-09-01 23:46:51,2024-09-02 00:16:50,021 Port Marianne,021 Port Marianne,3589.0,1792
2024-09-01 23:46:40,2024-09-02 00:19:26,037 FacdesSciences,037 FacdesSciences,4177.0,1958
2024-09-01 23:46:40,2024-09-02 00:19:53,037 FacdesSciences,037 FacdesSciences,4719.0,1985
2024-09-01 23:46:12,2024-09-02 00:16:55,021 Port Marianne,021 Port Marianne,3544.0,1836
2024-09-01 23:45:31,2024-09-02 00:23:49,037 FacdesSciences,037 FacdesSciences,4494.0,2290
2024-09-01 23:45:24,2024-09-01 23:45:59,037 FacdesSciences,037 FacdesSciences,0.0,31
2024-09-01 23:44:59,2024-09-02 00:19:47,037 FacdesSciences,037 FacdesSciences,4498.0,2080
2024-09-01 23:44:48,2024-09-02 00:55:35,037 FacdesSciences,030 Charles Flahault,6836.0,4239
2024-09-01 23:43:37,2024-09-02 00:10:43,012 Boutonnet,038 Fac de Lettres,3150.0,1622
2024-09-01 23:43:16,2024-09-01 23:43:37,037 FacdesSciences,037 FacdesSciences,0.0,16
2024-09-01 23:42:57,2024-09-02 00:10:36,012 Boutonnet,038 Fac de Lettres,3093.0,1656
2024-09-01 23:42:50,2024-09-02 00:19:59,037 FacdesSciences,037 FacdesSciences,5039.0,2220
2024-09-01 23:42:48,2024-09-02 00:20:08,037 FacdesSciences,037 FacdesSciences,4676.0,2230
2024-09-01 23:42:08,2024-09-02 00:50:05,037 FacdesSciences,012 Boutonnet,6350.0,4069
2024-09-01 23:32:06,2024-09-02 00:02:51,021 Port Marianne,057 Saint-Guilhem,3401.0,1840
2024-09-01 23:29:11,2024-09-02 00:02:47,021 Port Marianne,057 Saint-Guilhem,3485.0,2011
2024-09-01 23:27:35,2024-09-01 23:28:36,021 Port Marianne,021 Port Marianne,8.0,58
2024-09-01 23:25:55,2024-09-01 23:49:18,001 Rue Jules Ferry - Gare Saint-Roch,046 Père Soulas,3261.0,1398
2024-09-01 23:25:38,2024-09-01 23:32:19,006 Place Albert 1er - St Charles,012 Boutonnet,974.0,396
2024-09-01 23:25:38,2024-09-02 00:06:15,046 Père Soulas,037 FacdesSciences,3812.0,2430
2024-09-01 23:25:25,2024-09-01 23:32:21,006 Place Albert 1er - St Charles,012 Boutonnet,898.0,412
2024-09-01 23:25:02,2024-09-02 00:06:38,046 Père Soulas,037 FacdesSciences,3857.0,2488
2024-09-01 23:23:16,2024-09-01 23:39:46,021 Port Marianne,018 Nombre d'Or,2152.0,986
2024-09-01 23:22:36,2024-09-01 23:22:57,021 Port Marianne,021 Port Marianne,0.0,17
2024-09-01 23:21:53,2024-09-01 23:22:15,021 Port Marianne,021 Port Marianne,0.0,17
2024-09-01 23:21:34,2024-09-02 00:35:41,001 Rue Jules Ferry - Gare Saint-Roch,010 Rondelet,8713.0,4439
2024-09-01 23:21:17,2024-09-01 23:39:26,021 Port Marianne,018 Nombre d'Or,2184.0,1085
2024-09-01 23:18:00,2024-09-01 23:29:52,016 Antigone centre,040 Jeu de Mail des Abbés,1964.0,709
2024-09-01 23:17:37,2024-09-01 23:40:07,043 Sabines,002 Comédie,4376.0,1344
2024-09-01 23:17:36,2024-09-01 23:30:14,016 Antigone centre,040 Jeu de Mail des Abbés,1986.0,752
2024-09-01 23:14:23,2024-09-01 23:20:16,010 Rondelet,001 Rue Jules Ferry - Gare Saint-Roch,618.0,348
2024-09-01 23:12:53,2024-09-02 00:34:45,010 Rondelet,010 Rondelet,9139.0,4900
2024-09-01 23:12:20,2024-09-01 23:43:10,029 Richter,029 Richter,4800.0,1846
2024-09-01 23:11:53,2024-09-01 23:12:18,010 Rondelet,010 Rondelet,0.0,20
2024-09-01 23:10:41,2024-09-01 23:46:25,010 Rondelet,006 Place Albert 1er - St Charles,3734.0,2138
2024-09-01 22:58:35,2024-09-01 23:23:10,045 Jardin de la Lironde,012 Boutonnet,5623.0,1470
2024-09-01 22:50:48,2024-09-01 23:01:14,032 Prés d'Arènes,028 Saint-Denis,1925.0,622
2024-09-01 22:43:44,2024-09-02 00:21:01,002 Comédie,004 Hôtel de Ville,6422.0,5829
2024-09-01 22:42:53,2024-09-02 00:21:16,002 Comédie,004 Hôtel de Ville,5399.0,5896
2024-09-01 22:38:26,2024-09-01 22:51:16,038 Fac de Lettres,002 Comédie,3018.0,763
2024-09-01 22:37:03,2024-09-01 22:44:32,013 Emile Combes,015 Les Aubes,1441.0,444
2024-09-01 22:37:01,2024-09-01 22:51:13,038 Fac de Lettres,002 Comédie,3058.0,846
2024-09-01 22:34:54,2024-09-01 23:06:05,006 Place Albert 1er - St Charles,006 Place Albert 1er - St Charles,3334.0,1865
2024-09-01 22:28:43,2024-09-01 22:51:48,009 Observatoire,049 Tonnelles,3365.0,1380
2024-09-01 22:27:55,2024-09-01 22:51:56,009 Observatoire,049 Tonnelles,3401.0,1437
2024-09-01 22:21:13,2024-09-01 22:57:46,051 Pont de Lattes - Gare Saint-Roch,018 Nombre d'Or,3718.0,2189
2024-09-01 22:21:10,2024-09-01 22:34:28,006 Place Albert 1er - St Charles,047 Place Viala,2967.0,793
2024-09-01 22:20:50,2024-09-01 23:06:23,006 Place Albert 1er - St Charles,006 Place Albert 1er - St Charles,3826.0,2728
2024-09-01 22:18:22,2024-09-02 00:21:07,004 Hôtel de Ville,004 Hôtel de Ville,7608.0,7357
2024-09-01 22:16:47,2024-09-01 22:42:10,004 Hôtel de Ville,002 Comédie,2348.0,1518
2024-09-01 22:16:35,2024-09-01 23:06:30,006 Place Albert 1er - St Charles,006 Place Albert 1er - St Charles,3630.0,2991
2024-09-01 22:15:38,2024-09-01 22:19:08,006 Place Albert 1er - St Charles,006 Place Albert 1er - St Charles,32.0,206
2024-09-01 22:13:25,2024-09-01 22:36:40,001 Rue Jules Ferry - Gare Saint-Roch,035 Malbosc,5750.0,1390
2024-09-01 22:12:48,2024-09-01 22:58:19,018 Nombre d'Or,018 Nombre d'Or,4045.0,2727
2024-09-01 22:12:23,2024-09-01 22:57:49,018 Nombre d'Or,018 Nombre d'Or,4231.0,2721
2024-09-01 22:11:53,2024-09-01 22:58:05,018 Nombre d'Or,018 Nombre d'Or,4030.0,2768
2024-09-01 22:10:10,2024-09-01 22:25:19,001 Rue Jules Ferry - Gare Saint-Roch,006 Place Albert 1er - St Charles,1970.0,904
2024-09-01 22:09:03,2024-09-01 22:19:00,047 Place Viala,009 Observatoire,2272.0,593
2024-09-01 22:07:06,2024-09-01 22:28:06,012 Boutonnet,038 Fac de Lettres,2574.0,1256
2024-09-01 22:06:11,2024-09-01 22:06:31,012 Boutonnet,012 Boutonnet,0.0,16
2024-09-01 22:02:38,2024-09-01 22:13:02,011 Plan Cabanes,011 Plan Cabanes,1096.0,619
2024-09-01 21:57:25,2024-09-01 22:31:10,001 Rue Jules Ferry - Gare Saint-Roch,045 Jardin de la Lironde,3438.0,2007
2024-09-01 21:56:05,2024-09-01 22:31:07,001 Rue Jules Ferry - Gare Saint-Roch,045 Jardin de la Lironde,3485.0,2096
2024-09-01 21:52:16,2024-09-01 22:12:22,021 Port Marianne,040 Jeu de Mail des Abbés,3702.0,1203
2024-09-01 21:47:59,2024-09-01 21:52:30,009 Observatoire,057 Saint-Guilhem,498.0,266
2024-09-01 21:38:12,2024-09-01 21:46:54,040 Jeu de Mail des Abbés,002 Comédie,1756.0,517
2024-09-01 21:36:31,2024-09-01 21:44:53,012 Boutonnet,007 Foch,1415.0,499
2024-09-01 21:34:48,2024-09-01 21:55:09,009 Observatoire,004 Hôtel de Ville,2131.0,1218
2024-09-01 21:34:26,2024-09-01 21:55:05,009 Observatoire,004 Hôtel de Ville,2262.0,1236
2024-09-01 21:34:10,2024-09-02 21:35:56,039 Aiguelongue,060 Comedie Baudin,2973.0,1291
2024-09-01 21:33:25,2024-09-01 22:07:47,037 FacdesSciences,029 Richter,5405.0,2058
2024-09-01 21:32:47,2024-09-01 22:08:21,037 FacdesSciences,029 Richter,5403.0,2130
2024-09-01 21:32:25,2024-09-01 21:55:36,039 Aiguelongue,060 Comedie Baudin,2662.0,1384
2024-09-01 21:31:57,2024-09-03 00:45:44,039 Aiguelongue,060 Comedie Baudin,2689.0,1435
2024-09-01 21:31:51,2024-09-01 21:47:30,036 Occitanie,038 Fac de Lettres,2219.0,935
2024-09-01 21:30:54,2024-09-01 21:47:28,036 Occitanie,038 Fac de Lettres,2223.0,989
2024-09-01 21:30:42,2024-09-01 21:31:06,036 Occitanie,036 Occitanie,0.0,19
2024-09-01 21:24:10,2024-09-01 21:40:47,006 Place Albert 1er - St Charles,037 FacdesSciences,2233.0,993
2024-09-01 21:23:10,2024-09-01 21:43:25,006 Place Albert 1er - St Charles,037 FacdesSciences,2172.0,1211
2024-09-01 21:22:57,2024-09-01 21:34:11,025 Nouveau Saint-Roch,020 Gambetta,2144.0,670
2024-09-01 21:22:32,2024-09-01 21:56:44,006 Place Albert 1er - St Charles,036 Occitanie,3704.0,2048
2024-09-01 21:20:56,2024-09-01 21:22:43,025 Nouveau Saint-Roch,025 Nouveau Saint-Roch,55.0,103
2024-09-01 21:16:33,2024-09-01 21:56:28,056 Albert 1er - Cathédrale,036 Occitanie,4073.0,2390
2024-09-01 21:15:39,2024-09-01 21:41:26,056 Albert 1er - Cathédrale,037 FacdesSciences,2470.0,1542
2024-09-01 21:14:56,2024-09-01 21:26:11,008 Halles Castellane,040 Jeu de Mail des Abbés,1408.0,671
2024-09-01 21:13:49,2024-09-01 21:55:40,002 Comédie,036 Occitanie,6036.0,2506
2024-09-01 21:12:23,2024-09-01 21:55:07,002 Comédie,036 Occitanie,6032.0,2560
2024-09-01 21:09:40,2024-09-01 23:16:03,055 Pérols Etang de l'Or,055 Pérols Etang de l'Or,0.0,7579
2024-09-01 21:07:16,2024-09-01 23:15:58,055 Pérols Etang de l'Or,055 Pérols Etang de l'Or,8850.0,7717
2024-09-01 21:06:21,2024-09-01 23:15:50,055 Pérols Etang de l'Or,055 Pérols Etang de l'Or,9536.0,7765
2024-09-01 21:04:45,2024-09-01 21:07:58,055 Pérols Etang de l'Or,055 Pérols Etang de l'Or,157.0,189
2024-09-01 20:57:03,2024-09-01 21:24:34,043 Sabines,009 Observatoire,4357.0,1646
2024-09-01 20:56:16,2024-09-01 21:08:21,012 Boutonnet,009 Observatoire,2186.0,720
2024-09-01 20:55:59,2024-09-01 21:24:29,043 Sabines,009 Observatoire,4096.0,1705
2024-09-01 20:55:42,2024-09-01 21:10:08,021 Port Marianne,001 Rue Jules Ferry - Gare Saint-Roch,1925.0,862
2024-09-01 20:54:51,2024-09-01 20:55:11,021 Port Marianne,021 Port Marianne,0.0,15
2024-09-01 20:54:25,2024-09-01 21:15:37,007 Foch,039 Aiguelongue,4647.0,1268
2024-09-01 20:47:34,2024-09-01 22:02:53,016 Antigone centre,016 Antigone centre,7755.0,4515
2024-09-01 20:44:18,2024-09-01 21:22:23,029 Richter,044 Celleneuve,6164.0,2281
2024-09-01 20:43:59,2024-09-01 21:22:30,029 Richter,044 Celleneuve,6156.0,2306
2024-09-01 20:43:20,2024-09-01 20:53:29,037 FacdesSciences,034 Vert Bois,1457.0,604
2024-09-01 20:42:46,2024-09-01 21:12:42,056 Albert 1er - Cathédrale,014 Beaux-Arts,2926.0,1792
2024-09-01 20:41:03,2024-09-01 20:51:11,008 Halles Castellane,042 Marie Caizergues,1666.0,604
2024-09-01 20:40:48,2024-09-01 22:43:08,039 Aiguelongue,002 Comédie,2648.0,7335
2024-09-01 20:40:25,2024-09-02 09:49:23,056 Albert 1er - Cathédrale,014 Beaux-Arts,2824.0,1928
2024-09-01 20:39:48,2024-09-01 20:40:09,008 Halles Castellane,008 Halles Castellane,0.0,16
2024-09-01 20:39:32,2024-09-01 20:42:23,056 Albert 1er - Cathédrale,056 Albert 1er - Cathédrale,18.0,165
2024-09-01 20:38:32,2024-09-01 20:38:53,008 Halles Castellane,008 Halles Castellane,0.0,17
2024-09-01 20:32:47,2024-09-01 20:53:18,056 Albert 1er - Cathédrale,036 Occitanie,3722.0,1227
2024-09-01 20:29:57,2024-09-01 21:47:44,021 Port Marianne,021 Port Marianne,8100.0,4660
2024-09-01 20:29:33,2024-09-01 21:47:53,021 Port Marianne,021 Port Marianne,8035.0,4695
2024-09-01 20:28:34,2024-09-01 20:36:22,039 Aiguelongue,005 Corum,1572.0,463
2024-09-01 20:26:39,2024-09-01 20:33:21,026 Renouvier,002 Comédie,1157.0,397
2024-09-01 20:21:40,2024-09-01 22:41:24,012 Boutonnet,012 Boutonnet,2607.0,8380
2024-09-01 20:19:49,2024-09-01 20:38:47,013 Emile Combes,028 Saint-Denis,2162.0,1133
2024-09-01 20:19:09,2024-09-01 20:26:00,030 Charles Flahault,006 Place Albert 1er - St Charles,1754.0,407
2024-09-01 20:15:45,2024-09-01 20:20:40,051 Pont de Lattes - Gare Saint-Roch,017 Médiathèque Emile Zola,1174.0,290
2024-09-01 20:12:33,2024-09-01 20:33:30,011 Plan Cabanes,011 Plan Cabanes,3567.0,1254
2024-09-01 20:08:20,2024-09-01 21:14:37,008 Halles Castellane,008 Halles Castellane,2025.0,3972
2024-09-01 20:08:04,2024-09-01 20:38:01,008 Halles Castellane,008 Halles Castellane,2066.0,1792
2024-09-01 20:06:08,2024-09-01 20:31:56,034 Vert Bois,034 Vert Bois,2025.0,1544
2024-09-01 20:05:55,2024-09-01 20:06:17,046 Père Soulas,046 Père Soulas,0.0,18
2024-09-01 20:04:59,2024-09-01 20:05:22,046 Père Soulas,046 Père Soulas,0.0,18
2024-09-01 19:57:23,2024-09-01 20:10:00,011 Plan Cabanes,050 Parvis Jules Ferry - Gare Saint-Roch,1651.0,751
2024-09-01 19:56:33,2024-09-01 20:48:16,006 Place Albert 1er - St Charles,004 Hôtel de Ville,9907.0,3099
2024-09-01 19:54:40,2024-09-01 20:04:09,005 Corum,016 Antigone centre,1217.0,564
2024-09-01 19:54:07,2024-09-01 20:31:05,025 Nouveau Saint-Roch,053 Deux Ponts - Gare Saint-Roch,5254.0,2213
2024-09-01 19:52:39,2024-09-01 20:38:19,034 Vert Bois,038 Fac de Lettres,3896.0,2737
2024-09-01 19:51:16,2024-09-01 19:53:18,034 Vert Bois,034 Vert Bois,26.0,118
2024-09-01 19:50:37,2024-09-01 20:49:10,017 Médiathèque Emile Zola,001 Rue Jules Ferry - Gare Saint-Roch,8361.0,3507
2024-09-01 19:46:04,2024-09-01 19:57:25,040 Jeu de Mail des Abbés,040 Jeu de Mail des Abbés,1939.0,677
2024-09-01 19:45:44,2024-09-01 19:57:52,040 Jeu de Mail des Abbés,040 Jeu de Mail des Abbés,1950.0,723
2024-09-01 19:43:57,2024-09-01 20:13:42,044 Celleneuve,033 Garcia Lorca,6669.0,1781
2024-09-01 19:43:56,2024-09-01 19:44:25,046 Père Soulas,046 Père Soulas,2.0,25
2024-09-01 19:43:04,2024-09-01 20:52:30,047 Place Viala,006 Place Albert 1er - St Charles,2481.0,4160
2024-09-01 19:40:19,2024-09-01 19:53:58,036 Occitanie,012 Boutonnet,2460.0,816
2024-09-01 19:40:06,2024-09-01 19:46:40,036 Occitanie,037 FacdesSciences,1165.0,389
2024-09-01 19:40:06,2024-09-01 20:13:42,038 Fac de Lettres,056 Albert 1er - Cathédrale,3985.0,2010
2024-09-01 19:38:16,2024-09-01 20:13:51,038 Fac de Lettres,056 Albert 1er - Cathédrale,4010.0,2128
2024-09-01 19:37:17,2024-09-01 20:07:42,004 Hôtel de Ville,017 Médiathèque Emile Zola,2352.0,1820
2024-09-01 19:36:31,2024-09-01 19:44:05,015 Les Aubes,013 Emile Combes,1462.0,448
2024-09-01 19:36:31,2024-09-01 20:07:46,004 Hôtel de Ville,017 Médiathèque Emile Zola,2593.0,1869
2024-09-01 19:35:31,2024-09-01 19:44:25,015 Les Aubes,019 Louis Blanc,1564.0,529
2024-09-01 19:35:02,2024-09-02 08:22:24,018 Nombre d'Or,017 Médiathèque Emile Zola,2080.0,46037
2024-09-01 19:34:41,2024-09-01 19:56:04,039 Aiguelongue,039 Aiguelongue,2634.0,1278
2024-09-01 19:34:31,2024-09-01 19:34:53,015 Les Aubes,015 Les Aubes,0.0,18
2024-09-01 19:33:42,2024-09-01 20:38:54,018 Nombre d'Or,018 Nombre d'Or,11067.0,3907
2024-09-01 19:33:09,2024-09-01 19:41:45,060 Comedie Baudin,026 Renouvier,1327.0,512
2024-09-01 19:32:56,2024-09-01 19:42:27,036 Occitanie,006 Place Albert 1er - St Charles,2981.0,568
2024-09-01 19:32:35,2024-09-01 19:38:23,010 Rondelet,026 Renouvier,943.0,343
2024-09-01 19:31:41,2024-09-01 19:32:03,010 Rondelet,010 Rondelet,0.0,17
2024-09-01 19:30:13,2024-09-01 19:44:56,030 Charles Flahault,025 Nouveau Saint-Roch,2554.0,879
2024-09-01 19:29:39,2024-09-01 19:39:38,006 Place Albert 1er - St Charles,039 Aiguelongue,1833.0,595
2024-09-01 19:29:24,2024-09-01 19:54:13,037 FacdesSciences,056 Albert 1er - Cathédrale,3359.0,1483
2024-09-01 19:28:34,2024-09-01 20:00:08,051 Pont de Lattes - Gare Saint-Roch,051 Pont de Lattes - Gare Saint-Roch,0.0,1890
2024-09-01 19:28:13,2024-09-01 19:29:42,006 Place Albert 1er - St Charles,006 Place Albert 1er - St Charles,46.0,84
2024-09-01 19:27:46,2024-09-01 20:49:11,051 Pont de Lattes - Gare Saint-Roch,001 Rue Jules Ferry - Gare Saint-Roch,10781.0,4881
2024-09-01 19:26:39,2024-09-01 19:27:10,051 Pont de Lattes - Gare Saint-Roch,051 Pont de Lattes - Gare Saint-Roch,0.0,26
2024-09-01 19:26:18,2024-09-01 19:28:11,051 Pont de Lattes - Gare Saint-Roch,051 Pont de Lattes - Gare Saint-Roch,2.0,109
2024-09-01 19:26:14,2024-09-01 19:35:35,049 Tonnelles,023 Les Arceaux,2795.0,557
2024-09-01 19:25:44,2024-09-01 19:42:27,036 Occitanie,006 Place Albert 1er - St Charles,3013.0,999
2024-09-01 19:24:03,2024-09-01 19:24:51,056 Albert 1er - Cathédrale,056 Albert 1er - Cathédrale,6.0,42
2024-09-01 19:20:53,2024-09-01 19:30:45,035 Malbosc,046 Père Soulas,2358.0,586
2024-09-01 19:20:47,2024-09-01 19:33:13,009 Observatoire,038 Fac de Lettres,2958.0,743
2024-09-01 19:17:21,2024-09-01 19:33:07,001 Rue Jules Ferry - Gare Saint-Roch,015 Les Aubes,2427.0,942
2024-09-01 19:16:55,2024-09-01 19:17:45,056 Albert 1er - Cathédrale,056 Albert 1er - Cathédrale,10.0,45
2024-09-01 19:15:47,2024-09-01 20:05:56,018 Nombre d'Or,011 Plan Cabanes,5905.0,3004
2024-09-01 19:15:43,2024-09-01 19:22:39,002 Comédie,011 Plan Cabanes,1004.0,412
2024-09-01 19:14:56,2024-09-01 19:22:39,002 Comédie,011 Plan Cabanes,1039.0,460
2024-09-01 19:14:06,2024-09-01 19:14:58,018 Nombre d'Or,018 Nombre d'Or,0.0,48
2024-09-01 19:13:53,2024-09-01 19:53:58,019 Louis Blanc,036 Occitanie,3761.0,2401
2024-09-01 19:13:16,2024-09-01 19:19:38,040 Jeu de Mail des Abbés,019 Louis Blanc,778.0,376
2024-09-01 19:13:05,2024-09-01 19:19:24,040 Jeu de Mail des Abbés,019 Louis Blanc,831.0,374
2024-09-01 19:12:36,2024-09-01 19:28:14,045 Jardin de la Lironde,015 Les Aubes,3457.0,934
2024-09-01 19:12:07,2024-09-01 19:12:31,040 Jeu de Mail des Abbés,040 Jeu de Mail des Abbés,0.0,20
2024-09-01 19:12:00,2024-09-01 20:34:49,004 Hôtel de Ville,004 Hôtel de Ville,0.0,4964
2024-09-01 19:11:25,2024-09-01 19:19:04,040 Jeu de Mail des Abbés,019 Louis Blanc,786.0,453
2024-09-01 19:09:36,2024-09-01 21:24:32,055 Pérols Etang de l'Or,001 Rue Jules Ferry - Gare Saint-Roch,14747.0,8092
2024-09-01 19:05:16,2024-09-01 19:29:33,032 Prés d'Arènes,057 Saint-Guilhem,3504.0,1452
2024-09-01 19:02:46,2024-09-01 20:27:28,004 Hôtel de Ville,004 Hôtel de Ville,11043.0,5077
2024-09-01 19:02:18,2024-09-02 00:46:45,016 Antigone centre,016 Antigone centre,2223.0,20659
2024-09-01 18:59:50,2024-09-01 19:06:48,050 Parvis Jules Ferry - Gare Saint-Roch,011 Plan Cabanes,1245.0,414
2024-09-01 18:58:46,2024-09-01 20:26:55,055 Pérols Etang de l'Or,055 Pérols Etang de l'Or,5866.0,5285
2024-09-01 18:57:51,2024-09-01 19:32:37,021 Port Marianne,021 Port Marianne,6336.0,2082
2024-09-01 18:57:46,2024-09-01 20:26:55,004 Hôtel de Ville,004 Hôtel de Ville,11267.0,5344
2024-09-01 18:57:36,2024-09-01 18:58:08,004 Hôtel de Ville,004 Hôtel de Ville,0.0,28
2024-09-01 18:56:42,2024-09-01 18:57:03,004 Hôtel de Ville,004 Hôtel de Ville,0.0,17
2024-09-01 18:56:12,2024-09-01 20:26:25,004 Hôtel de Ville,004 Hôtel de Ville,11253.0,5408
2024-09-01 18:55:48,2024-09-01 19:01:39,011 Plan Cabanes,008 Halles Castellane,931.0,346
2024-09-01 18:55:27,2024-09-01 19:14:10,028 Saint-Denis,013 Emile Combes,2133.0,1119
2024-09-01 18:55:18,2024-09-01 19:10:24,033 Garcia Lorca,031 Voltaire,1686.0,901
2024-09-01 18:55:04,2024-09-01 19:10:32,033 Garcia Lorca,031 Voltaire,1703.0,925
2024-09-01 18:54:37,2024-09-01 18:57:53,055 Pérols Etang de l'Or,055 Pérols Etang de l'Or,0.0,192
2024-09-01 18:54:30,2024-09-01 20:27:06,055 Pérols Etang de l'Or,055 Pérols Etang de l'Or,5903.0,5551
2024-09-01 18:54:08,2024-09-01 20:26:58,055 Pérols Etang de l'Or,055 Pérols Etang de l'Or,5805.0,5565
2024-09-01 18:53:58,2024-09-01 20:27:00,055 Pérols Etang de l'Or,055 Pérols Etang de l'Or,6293.0,5577
2024-09-01 18:53:49,2024-09-01 19:06:00,046 Père Soulas,019 Louis Blanc,2583.0,727
2024-09-01 18:53:37,2024-09-01 20:04:12,046 Père Soulas,046 Père Soulas,9666.0,4231
2024-09-01 18:52:12,2024-09-01 19:07:25,002 Comédie,012 Boutonnet,2570.0,908
2024-09-01 18:51:54,2024-09-01 19:19:35,002 Comédie,049 Tonnelles,3585.0,1658
2024-09-01 18:51:03,2024-09-01 19:06:28,021 Port Marianne,017 Médiathèque Emile Zola,1631.0,922
2024-09-01 18:50:29,2024-09-01 19:06:21,021 Port Marianne,017 Médiathèque Emile Zola,1631.0,949
2024-09-01 18:48:53,2024-09-01 18:50:27,021 Port Marianne,021 Port Marianne,0.0,89
2024-09-01 18:46:52,2024-09-01 18:47:18,021 Port Marianne,021 Port Marianne,0.0,23
2024-09-01 18:46:32,2024-09-01 18:57:32,016 Antigone centre,021 Port Marianne,1778.0,655
2024-09-01 18:45:52,2024-09-01 19:08:28,047 Place Viala,047 Place Viala,4257.0,1352
2024-09-01 18:45:42,2024-09-01 18:46:06,016 Antigone centre,016 Antigone centre,0.0,20
2024-09-01 18:45:25,2024-09-02 08:00:29,057 Saint-Guilhem,046 Père Soulas,2380.0,47696
2024-09-01 18:41:59,2024-09-01 18:44:53,018 Nombre d'Or,016 Antigone centre,314.0,168
2024-09-01 18:41:40,2024-09-01 21:02:34,055 Pérols Etang de l'Or,055 Pérols Etang de l'Or,14373.0,8450
2024-09-01 18:41:18,2024-09-01 21:02:26,055 Pérols Etang de l'Or,055 Pérols Etang de l'Or,14559.0,8464
2024-09-01 18:41:08,2024-09-01 19:10:08,057 Saint-Guilhem,018 Nombre d'Or,2544.0,1736
2024-09-01 18:39:35,2024-09-01 22:11:38,018 Nombre d'Or,018 Nombre d'Or,6.0,12719
2024-09-01 18:37:37,2024-09-01 20:59:48,055 Pérols Etang de l'Or,055 Pérols Etang de l'Or,6375.0,8527
2024-09-01 18:36:19,2024-09-02 03:41:00,038 Fac de Lettres,035 Malbosc,4249.0,32672
2024-09-01 18:30:18,2024-09-01 19:36:34,029 Richter,029 Richter,8707.0,3972
2024-09-01 18:29:40,2024-09-01 21:34:52,055 Pérols Etang de l'Or,055 Pérols Etang de l'Or,6377.0,11108
2024-09-01 18:28:55,2024-09-01 18:40:43,019 Louis Blanc,061 Jean de Beins,1703.0,705
2024-09-01 18:28:23,2024-09-01 19:36:40,029 Richter,029 Richter,8819.0,4093
2024-09-01 18:28:00,2024-09-03 09:24:56,004 Hôtel de Ville,032 Prés d'Arènes,2850.0,140209
2024-09-01 18:27:29,2024-09-01 18:45:09,004 Hôtel de Ville,032 Prés d'Arènes,2860.0,1056
2024-09-01 18:27:27,2024-09-01 18:40:23,010 Rondelet,057 Saint-Guilhem,1225.0,771
2024-09-01 18:26:02,2024-09-01 18:54:10,035 Malbosc,006 Place Albert 1er - St Charles,5693.0,1683
2024-09-01 18:25:21,2024-09-01 21:17:41,010 Rondelet,010 Rondelet,13101.0,10337
2024-09-01 18:20:36,2024-09-01 18:29:50,032 Prés d'Arènes,004 Hôtel de Ville,1864.0,549
2024-09-01 18:19:32,2024-09-01 18:28:48,023 Les Arceaux,046 Père Soulas,2419.0,551
2024-09-01 18:16:56,2024-09-01 18:31:05,015 Les Aubes,001 Rue Jules Ferry - Gare Saint-Roch,2901.0,845
2024-09-01 18:16:18,2024-09-01 19:26:06,021 Port Marianne,016 Antigone centre,13393.0,4183
2024-09-01 18:07:50,2024-09-01 18:15:47,045 Jardin de la Lironde,021 Port Marianne,1433.0,472
2024-09-01 18:04:17,2024-09-01 18:10:17,007 Foch,001 Rue Jules Ferry - Gare Saint-Roch,1029.0,356
2024-09-01 18:03:21,2024-09-01 18:11:16,040 Jeu de Mail des Abbés,002 Comédie,1715.0,470
2024-09-01 18:02:05,2024-09-01 18:14:51,049 Tonnelles,009 Observatoire,3749.0,761
2024-09-01 18:00:04,2024-09-01 18:05:49,011 Plan Cabanes,050 Parvis Jules Ferry - Gare Saint-Roch,1165.0,341
2024-09-01 17:58:52,2024-09-01 17:59:18,011 Plan Cabanes,011 Plan Cabanes,0.0,22
2024-09-01 17:57:39,2024-09-01 17:58:01,011 Plan Cabanes,011 Plan Cabanes,0.0,17
2024-09-01 17:55:33,2024-09-01 21:29:18,011 Plan Cabanes,001 Rue Jules Ferry - Gare Saint-Roch,3661.0,12821
2024-09-01 17:54:52,2024-09-01 18:01:59,034 Vert Bois,037 FacdesSciences,1564.0,423
2024-09-01 17:51:41,2024-09-01 17:52:24,034 Vert Bois,034 Vert Bois,0.0,38
2024-09-01 17:49:32,2024-09-01 18:03:54,026 Renouvier,046 Père Soulas,3101.0,857
2024-09-01 17:48:49,2024-09-01 17:50:24,002 Comédie,060 Comedie Baudin,183.0,90
2024-09-01 17:48:27,2024-09-01 18:25:44,016 Antigone centre,021 Port Marianne,4257.0,2233
2024-09-01 17:46:39,2024-09-01 19:00:30,055 Pérols Etang de l'Or,055 Pérols Etang de l'Or,6961.0,4426
2024-09-01 17:45:19,2024-09-01 19:00:49,055 Pérols Etang de l'Or,055 Pérols Etang de l'Or,7410.0,4524
2024-09-01 17:44:50,2024-09-01 18:19:06,032 Prés d'Arènes,044 Celleneuve,5627.0,2052
2024-09-01 17:42:47,2024-09-01 17:54:52,046 Père Soulas,011 Plan Cabanes,1931.0,720
2024-09-01 17:41:19,2024-09-01 21:10:14,006 Place Albert 1er - St Charles,039 Aiguelongue,4488.0,12531
2024-09-01 17:41:09,2024-09-01 18:11:59,048 Hôtel du Département,057 Saint-Guilhem,3963.0,1847
2024-09-01 17:40:59,2024-09-01 17:48:30,026 Renouvier,002 Comédie,1394.0,447
2024-09-01 17:38:41,2024-09-01 17:39:37,006 Place Albert 1er - St Charles,006 Place Albert 1er - St Charles,2.0,51
2024-09-01 17:35:27,2024-09-03 20:42:46,057 Saint-Guilhem,057 Saint-Guilhem,933.0,184035
2024-09-01 17:30:21,2024-09-01 17:43:54,021 Port Marianne,017 Médiathèque Emile Zola,1466.0,809
2024-09-01 17:29:49,2024-09-01 17:48:08,007 Foch,036 Occitanie,3459.0,1094
2024-09-01 17:29:07,2024-09-01 17:46:56,021 Port Marianne,017 Médiathèque Emile Zola,1490.0,1065
2024-09-01 17:28:20,2024-09-01 17:28:49,021 Port Marianne,021 Port Marianne,0.0,23
2024-09-01 17:26:50,2024-09-01 19:14:55,009 Observatoire,018 Nombre d'Or,7053.0,6481
2024-09-01 17:24:30,2024-09-01 17:37:58,006 Place Albert 1er - St Charles,019 Louis Blanc,1037.0,803
2024-09-01 17:17:43,2024-09-01 17:28:42,001 Rue Jules Ferry - Gare Saint-Roch,006 Place Albert 1er - St Charles,1833.0,653
2024-09-01 17:16:57,2024-09-01 19:21:28,055 Pérols Etang de l'Or,055 Pérols Etang de l'Or,6673.0,7467
2024-09-01 17:16:53,2024-09-01 19:21:32,055 Pérols Etang de l'Or,055 Pérols Etang de l'Or,6060.0,7474
2024-09-01 17:16:04,2024-09-03 12:25:03,014 Beaux-Arts,014 Beaux-Arts,4118.0,155333
2024-09-01 17:16:03,2024-09-01 17:39:37,037 FacdesSciences,026 Renouvier,4192.0,1409
2024-09-01 17:15:09,2024-09-01 17:39:47,037 FacdesSciences,026 Renouvier,4239.0,1472
2024-09-01 17:15:08,2024-09-01 19:21:49,055 Pérols Etang de l'Or,055 Pérols Etang de l'Or,5966.0,7597
2024-09-01 17:11:59,2024-09-01 18:14:51,043 Sabines,037 FacdesSciences,7498.0,3767
2024-09-01 17:00:19,2024-09-01 18:52:15,029 Richter,029 Richter,8170.0,6712
2024-09-01 16:59:45,2024-09-01 18:50:58,029 Richter,029 Richter,8106.0,6669
2024-09-01 16:59:34,2024-09-01 18:51:13,029 Richter,029 Richter,8833.0,6695
2024-09-01 16:56:26,2024-09-01 17:14:35,036 Occitanie,009 Observatoire,4192.0,1086
2024-09-01 16:54:07,2024-09-01 17:28:53,012 Boutonnet,012 Boutonnet,5472.0,2083
2024-09-01 16:53:22,2024-09-02 00:04:44,011 Plan Cabanes,048 Hôtel du Département,10534.0,25879
2024-09-01 16:51:39,2024-09-01 17:17:17,030 Charles Flahault,030 Charles Flahault,3930.0,1534
2024-09-01 16:49:53,2024-09-01 21:41:16,013 Emile Combes,013 Emile Combes,6030.0,17479
2024-09-01 16:46:41,2024-09-01 16:48:26,025 Nouveau Saint-Roch,025 Nouveau Saint-Roch,0.0,101
2024-09-01 16:46:16,2024-09-01 17:24:10,009 Observatoire,009 Observatoire,198.0,2269
2024-09-01 16:42:45,2024-09-01 16:43:09,012 Boutonnet,012 Boutonnet,2.0,19
2024-09-01 16:42:14,2024-09-01 19:40:20,021 Port Marianne,021 Port Marianne,23270.0,10681
2024-09-01 16:41:42,2024-09-01 17:30:27,034 Vert Bois,034 Vert Bois,2866.0,2921
2024-09-01 16:40:57,2024-09-01 19:41:21,021 Port Marianne,021 Port Marianne,23082.0,10819
2024-09-01 16:38:42,2024-09-01 16:56:59,059 Sud De France,031 Voltaire,3965.0,1091
2024-09-01 16:38:30,2024-09-01 17:29:55,034 Vert Bois,034 Vert Bois,2799.0,3079
2024-09-01 16:37:53,2024-09-01 18:00:24,055 Pérols Etang de l'Or,055 Pérols Etang de l'Or,6448.0,4946
2024-09-01 16:37:34,2024-09-01 18:51:42,055 Pérols Etang de l'Or,055 Pérols Etang de l'Or,5970.0,8043
2024-09-01 16:37:24,2024-09-01 16:40:12,034 Vert Bois,034 Vert Bois,44.0,162
2024-09-01 16:35:42,2024-09-01 19:32:49,060 Comedie Baudin,060 Comedie Baudin,14751.0,7759
2024-09-01 16:35:05,2024-09-01 18:45:20,060 Comedie Baudin,060 Comedie Baudin,15907.0,7812
2024-09-01 16:34:10,2024-09-01 16:51:30,048 Hôtel du Département,011 Plan Cabanes,3385.0,1034
2024-09-01 16:33:58,2024-09-01 16:53:05,004 Hôtel de Ville,004 Hôtel de Ville,4318.0,1142
2024-09-01 16:28:01,2024-09-01 16:36:49,042 Marie Caizergues,006 Place Albert 1er - St Charles,504.0,523
2024-09-01 16:27:49,2024-09-01 16:34:26,012 Boutonnet,019 Louis Blanc,1298.0,392
2024-09-01 16:27:03,2024-09-01 16:27:30,042 Marie Caizergues,042 Marie Caizergues,0.0,22
2024-09-01 16:26:12,2024-09-01 16:43:41,046 Père Soulas,046 Père Soulas,3067.0,1044
2024-09-01 16:24:02,2024-09-01 22:13:17,006 Place Albert 1er - St Charles,006 Place Albert 1er - St Charles,29999.0,20952
2024-09-01 16:23:25,2024-09-01 22:13:19,006 Place Albert 1er - St Charles,006 Place Albert 1er - St Charles,29988.0,20990
2024-09-01 16:22:14,2024-09-01 18:57:48,031 Voltaire,055 Pérols Etang de l'Or,14949.0,9330
2024-09-01 16:20:07,2024-09-01 16:33:05,014 Beaux-Arts,012 Boutonnet,2111.0,773
2024-09-01 16:19:57,2024-09-01 20:42:38,002 Comédie,002 Comédie,26799.0,15757
2024-09-01 16:16:39,2024-09-01 17:16:00,036 Occitanie,036 Occitanie,8327.0,3556
2024-09-01 16:15:47,2024-09-01 17:16:04,036 Occitanie,036 Occitanie,8415.0,3611
2024-09-01 16:15:13,2024-09-01 17:16:00,036 Occitanie,036 Occitanie,8272.0,3642
2024-09-01 16:14:07,2024-09-01 19:31:58,039 Aiguelongue,039 Aiguelongue,4982.0,11867
2024-09-01 16:13:33,2024-09-01 16:14:39,034 Vert Bois,034 Vert Bois,8.0,62
2024-09-01 16:13:32,2024-09-01 19:23:17,009 Observatoire,055 Pérols Etang de l'Or,20658.0,11382
2024-09-01 16:12:28,2024-09-01 19:23:33,009 Observatoire,055 Pérols Etang de l'Or,18866.0,11462
2024-09-01 16:11:59,2024-09-01 16:21:19,032 Prés d'Arènes,025 Nouveau Saint-Roch,1380.0,556
2024-09-01 16:10:51,2024-09-01 16:11:16,036 Occitanie,036 Occitanie,0.0,20
2024-09-01 16:08:01,2024-09-01 16:08:41,036 Occitanie,036 Occitanie,0.0,35
2024-09-01 16:06:57,2024-09-01 16:18:49,012 Boutonnet,026 Renouvier,2623.0,707
2024-09-01 16:05:41,2024-09-01 16:15:38,046 Père Soulas,056 Albert 1er - Cathédrale,1911.0,592
2024-09-01 16:03:50,2024-09-01 16:24:07,012 Boutonnet,002 Comédie,2617.0,1212
2024-09-01 16:03:14,2024-09-01 17:48:58,015 Les Aubes,015 Les Aubes,6068.0,6340
2024-09-01 16:02:43,2024-09-01 16:24:55,055 Pérols Etang de l'Or,055 Pérols Etang de l'Or,3622.0,1326
2024-09-01 16:01:38,2024-09-01 16:06:42,038 Fac de Lettres,012 Boutonnet,1082.0,298
2024-09-01 15:55:10,2024-09-01 18:06:57,021 Port Marianne,021 Port Marianne,19158.0,7904
2024-09-01 15:55:08,2024-09-01 17:06:30,029 Richter,029 Richter,8008.0,4277
2024-09-01 15:51:41,2024-09-01 17:20:40,029 Richter,023 Les Arceaux,12274.0,5335
2024-09-01 15:50:47,2024-09-01 16:21:53,034 Vert Bois,045 Jardin de la Lironde,6111.0,1861
2024-09-01 15:50:25,2024-09-01 17:20:33,029 Richter,023 Les Arceaux,11461.0,5404
2024-09-01 15:48:27,2024-09-01 15:50:17,034 Vert Bois,034 Vert Bois,28.0,105
2024-09-01 15:48:10,2024-09-01 15:48:57,029 Richter,029 Richter,0.0,42
2024-09-01 15:46:57,2024-09-01 15:53:48,002 Comédie,017 Médiathèque Emile Zola,1498.0,406
2024-09-01 15:46:56,2024-09-01 21:39:31,055 Pérols Etang de l'Or,055 Pérols Etang de l'Or,6291.0,21151
2024-09-01 15:46:34,2024-09-01 15:47:53,034 Vert Bois,034 Vert Bois,0.0,74
2024-09-01 15:46:33,2024-09-01 15:48:31,004 Hôtel de Ville,004 Hôtel de Ville,8.0,114
2024-09-01 15:45:02,2024-09-01 15:45:47,004 Hôtel de Ville,004 Hôtel de Ville,6.0,41
2024-09-01 15:44:19,2024-09-01 16:30:42,017 Médiathèque Emile Zola,017 Médiathèque Emile Zola,7167.0,2778
2024-09-01 15:43:32,2024-09-01 21:39:25,055 Pérols Etang de l'Or,055 Pérols Etang de l'Or,6507.0,21348
2024-09-01 15:42:21,2024-09-01 15:46:02,055 Pérols Etang de l'Or,055 Pérols Etang de l'Or,116.0,216
2024-09-01 15:38:49,2024-09-01 15:50:04,046 Père Soulas,057 Saint-Guilhem,2227.0,670
2024-09-01 15:37:15,2024-09-01 15:51:54,038 Fac de Lettres,028 Saint-Denis,3426.0,872
2024-09-01 15:34:14,2024-09-01 17:50:29,012 Boutonnet,055 Pérols Etang de l'Or,13373.0,8172
2024-09-01 15:33:06,2024-09-01 17:50:26,012 Boutonnet,055 Pérols Etang de l'Or,15813.0,8237
2024-09-01 15:30:07,2024-09-01 15:50:33,044 Celleneuve,025 Nouveau Saint-Roch,4427.0,1222
2024-09-01 15:28:33,2024-09-01 15:28:55,044 Celleneuve,044 Celleneuve,0.0,17
2024-09-01 15:23:04,2024-09-01 15:23:33,008 Halles Castellane,008 Halles Castellane,6.0,25
2024-09-01 15:17:49,2024-09-01 16:01:07,010 Rondelet,035 Malbosc,8484.0,2594
2024-09-01 15:16:44,2024-09-01 15:17:03,010 Rondelet,010 Rondelet,0.0,15
2024-09-01 15:16:02,2024-09-01 15:16:21,010 Rondelet,010 Rondelet,0.0,14
2024-09-01 15:15:52,2024-09-01 15:20:28,053 Deux Ponts - Gare Saint-Roch,008 Halles Castellane,839.0,270
2024-09-01 15:08:01,2024-09-01 15:19:54,004 Hôtel de Ville,060 Comedie Baudin,1833.0,557
2024-09-01 15:06:57,2024-09-01 16:00:47,005 Corum,054 Providence - Ovalie,4780.0,3225
2024-09-01 14:56:53,2024-09-01 15:07:25,015 Les Aubes,005 Corum,1359.0,628
2024-09-01 14:56:19,2024-09-01 15:06:31,015 Les Aubes,005 Corum,1259.0,608
2024-09-01 14:55:50,2024-09-01 15:14:14,004 Hôtel de Ville,002 Comédie,2154.0,1094
2024-09-01 14:55:31,2024-09-01 14:55:53,015 Les Aubes,015 Les Aubes,0.0,17
2024-09-01 14:54:26,2024-09-01 14:54:48,015 Les Aubes,015 Les Aubes,0.0,17
2024-09-01 14:54:17,2024-09-01 14:55:27,004 Hôtel de Ville,004 Hôtel de Ville,14.0,66
2024-09-01 14:48:42,2024-09-01 16:03:18,055 Pérols Etang de l'Or,055 Pérols Etang de l'Or,4823.0,4472
2024-09-01 14:47:40,2024-09-01 14:48:01,055 Pérols Etang de l'Or,055 Pérols Etang de l'Or,0.0,17
2024-09-01 14:46:06,2024-09-01 15:52:27,021 Port Marianne,021 Port Marianne,9385.0,3977
2024-09-01 14:45:39,2024-09-01 16:03:16,055 Pérols Etang de l'Or,055 Pérols Etang de l'Or,4843.0,4653
2024-09-01 14:44:59,2024-09-01 16:03:00,055 Pérols Etang de l'Or,055 Pérols Etang de l'Or,5260.0,4678
2024-09-01 14:44:33,2024-09-02 06:43:23,057 Saint-Guilhem,057 Saint-Guilhem,4345.0,57523
2024-09-01 14:44:20,2024-09-01 15:52:07,021 Port Marianne,021 Port Marianne,9199.0,4062
2024-09-01 14:41:37,2024-09-01 16:02:17,055 Pérols Etang de l'Or,055 Pérols Etang de l'Or,4996.0,4835
2024-09-01 14:40:04,2024-09-01 16:13:14,047 Place Viala,009 Observatoire,2450.0,5585
2024-09-01 14:39:41,2024-09-01 14:52:54,045 Jardin de la Lironde,016 Antigone centre,2521.0,789
2024-09-01 14:39:03,2024-09-01 14:39:24,045 Jardin de la Lironde,045 Jardin de la Lironde,0.0,16
2024-09-01 14:37:35,2024-09-01 15:50:48,021 Port Marianne,021 Port Marianne,18259.0,4388
2024-09-01 14:36:51,2024-09-01 14:56:19,036 Occitanie,006 Place Albert 1er - St Charles,4453.0,1163
2024-09-01 14:36:37,2024-09-01 14:50:01,018 Nombre d'Or,047 Place Viala,3399.0,798
2024-09-01 14:35:13,2024-09-01 14:36:17,018 Nombre d'Or,018 Nombre d'Or,49.0,59
2024-09-01 14:27:20,2024-09-01 14:49:29,026 Renouvier,035 Malbosc,4815.0,1324
2024-09-01 14:26:59,2024-09-01 23:36:16,010 Rondelet,010 Rondelet,6085.0,32954
2024-09-01 14:25:51,2024-09-01 14:43:00,042 Marie Caizergues,036 Occitanie,2973.0,1022
2024-09-01 14:22:40,2024-09-01 14:48:24,043 Sabines,006 Place Albert 1er - St Charles,4114.0,1539
2024-09-01 14:22:24,2024-09-01 14:33:43,026 Renouvier,032 Prés d'Arènes,2240.0,675
2024-09-01 14:21:12,2024-09-01 14:24:45,011 Plan Cabanes,009 Observatoire,888.0,208
2024-09-01 14:16:52,2024-09-01 20:17:44,006 Place Albert 1er - St Charles,001 Rue Jules Ferry - Gare Saint-Roch,29935.0,21649
2024-09-01 14:16:07,2024-09-01 14:16:31,006 Place Albert 1er - St Charles,006 Place Albert 1er - St Charles,2.0,19
2024-09-01 14:13:46,2024-09-01 14:24:13,046 Père Soulas,019 Louis Blanc,1978.0,624
2024-09-01 14:12:37,2024-09-01 15:40:42,015 Les Aubes,015 Les Aubes,2338.0,5282
2024-09-01 14:11:42,2024-09-01 14:26:39,034 Vert Bois,036 Occitanie,2460.0,890
2024-09-01 14:11:30,2024-09-01 14:26:39,034 Vert Bois,036 Occitanie,2409.0,904
2024-09-01 14:09:03,2024-09-01 14:41:59,008 Halles Castellane,008 Halles Castellane,3359.0,1972
2024-09-01 14:03:17,2024-09-01 15:45:06,021 Port Marianne,030 Charles Flahault,9170.0,6105
2024-09-01 14:03:04,2024-09-01 15:36:22,013 Emile Combes,001 Rue Jules Ferry - Gare Saint-Roch,9634.0,5593
2024-09-01 14:01:21,2024-09-01 14:01:51,013 Emile Combes,013 Emile Combes,0.0,25
2024-09-01 14:00:24,2024-09-01 14:00:54,013 Emile Combes,013 Emile Combes,0.0,26
2024-09-01 14:00:16,2024-09-01 14:06:45,012 Boutonnet,006 Place Albert 1er - St Charles,1031.0,386
2024-09-01 13:59:56,2024-09-01 14:05:25,001 Rue Jules Ferry - Gare Saint-Roch,057 Saint-Guilhem,904.0,325
2024-09-01 13:54:55,2024-09-01 14:03:35,048 Hôtel du Département,046 Père Soulas,2662.0,514
2024-09-01 13:54:23,2024-09-01 14:23:57,048 Hôtel du Département,019 Louis Blanc,5068.0,1768
2024-09-01 13:54:11,2024-09-01 15:50:05,004 Hôtel de Ville,004 Hôtel de Ville,10214.0,6950
2024-09-01 13:53:46,2024-09-01 14:14:59,001 Rue Jules Ferry - Gare Saint-Roch,011 Plan Cabanes,2405.0,1269
2024-09-01 13:51:56,2024-09-01 15:50:02,004 Hôtel de Ville,004 Hôtel de Ville,10132.0,7081
2024-09-01 13:45:30,2024-09-01 13:59:19,034 Vert Bois,046 Père Soulas,2558.0,823
2024-09-01 13:42:43,2024-09-01 13:53:00,006 Place Albert 1er - St Charles,046 Père Soulas,1721.0,607
2024-09-01 13:42:12,2024-09-01 14:42:16,016 Antigone centre,017 Médiathèque Emile Zola,3693.0,3599
2024-09-01 13:41:48,2024-09-01 13:42:23,006 Place Albert 1er - St Charles,006 Place Albert 1er - St Charles,18.0,30
2024-09-01 13:41:19,2024-09-01 13:41:38,006 Place Albert 1er - St Charles,006 Place Albert 1er - St Charles,0.0,15
2024-09-01 13:41:02,2024-09-01 13:53:21,006 Place Albert 1er - St Charles,046 Père Soulas,1752.0,734
2024-09-01 13:40:50,2024-09-01 14:11:05,050 Parvis Jules Ferry - Gare Saint-Roch,053 Deux Ponts - Gare Saint-Roch,4208.0,1811
2024-09-01 13:40:36,2024-09-01 13:40:54,006 Place Albert 1er - St Charles,006 Place Albert 1er - St Charles,0.0,14
2024-09-01 13:40:13,2024-09-01 13:53:42,006 Place Albert 1er - St Charles,046 Père Soulas,1852.0,804
2024-09-01 13:37:52,2024-09-01 13:57:20,043 Sabines,026 Renouvier,3271.0,1164
2024-09-01 13:37:08,2024-09-01 13:48:33,004 Hôtel de Ville,032 Prés d'Arènes,1845.0,681
2024-09-01 13:36:37,2024-09-01 13:48:31,004 Hôtel de Ville,032 Prés d'Arènes,1882.0,709
2024-09-01 13:35:12,2024-09-01 13:57:28,041 Euromédecine,019 Louis Blanc,5584.0,1331
2024-09-01 13:23:56,2024-09-01 13:44:14,026 Renouvier,004 Hôtel de Ville,2883.0,1215
2024-09-01 13:22:27,2024-09-01 14:22:45,046 Père Soulas,046 Père Soulas,7247.0,3614
2024-09-01 13:21:35,2024-09-01 14:34:01,046 Père Soulas,047 Place Viala,8433.0,4341
2024-09-01 13:21:23,2024-09-01 13:32:53,004 Hôtel de Ville,005 Corum,2562.0,685
2024-09-01 13:19:59,2024-09-01 14:34:47,046 Père Soulas,047 Place Viala,9448.0,4484
2024-09-01 13:19:42,2024-09-01 14:12:34,047 Place Viala,051 Pont de Lattes - Gare Saint-Roch,3483.0,3168
2024-09-01 13:18:57,2024-09-01 16:38:01,004 Hôtel de Ville,032 Prés d'Arènes,28214.0,11940
2024-09-01 13:14:44,2024-09-01 13:23:59,057 Saint-Guilhem,007 Foch,649.0,551
2024-09-01 13:14:01,2024-09-01 13:14:24,057 Saint-Guilhem,057 Saint-Guilhem,0.0,19
2024-09-01 13:13:00,2024-09-01 18:36:27,053 Deux Ponts - Gare Saint-Roch,011 Plan Cabanes,30501.0,19404
2024-09-01 13:11:45,2024-09-01 13:20:20,011 Plan Cabanes,001 Rue Jules Ferry - Gare Saint-Roch,1527.0,510
2024-09-01 13:10:58,2024-09-01 13:24:43,034 Vert Bois,013 Emile Combes,2817.0,820
2024-09-01 13:06:31,2024-09-01 18:26:31,032 Prés d'Arènes,004 Hôtel de Ville,0.0,19196
2024-09-01 13:04:55,2024-09-01 16:59:59,032 Prés d'Arènes,004 Hôtel de Ville,31552.0,14100
2024-09-01 13:04:38,2024-09-01 13:18:00,032 Prés d'Arènes,004 Hôtel de Ville,1866.0,798
2024-09-01 13:04:29,2024-09-01 13:59:35,021 Port Marianne,021 Port Marianne,8366.0,3303
2024-09-01 13:03:35,2024-09-01 13:06:09,032 Prés d'Arènes,032 Prés d'Arènes,4.0,150
2024-09-01 13:02:47,2024-09-01 13:10:25,039 Aiguelongue,005 Corum,1639.0,455
2024-09-01 13:02:05,2024-09-01 13:12:09,011 Plan Cabanes,001 Rue Jules Ferry - Gare Saint-Roch,1315.0,599
2024-09-01 12:59:44,2024-09-01 13:40:23,019 Louis Blanc,019 Louis Blanc,4369.0,2435
2024-09-01 12:56:56,2024-09-01 13:03:05,038 Fac de Lettres,006 Place Albert 1er - St Charles,1388.0,361
2024-09-01 12:54:59,2024-09-01 13:22:29,034 Vert Bois,007 Foch,4292.0,1646
2024-09-01 12:53:47,2024-09-01 13:01:48,002 Comédie,004 Hôtel de Ville,1952.0,476
2024-09-01 12:53:39,2024-09-01 13:42:22,019 Louis Blanc,002 Comédie,3216.0,2918
2024-09-01 12:52:34,2024-09-01 13:22:08,034 Vert Bois,007 Foch,4371.0,1769
2024-09-01 12:48:12,2024-09-01 13:09:03,020 Gambetta,053 Deux Ponts - Gare Saint-Roch,1556.0,1246
2024-09-01 12:47:33,2024-09-01 13:06:46,051 Pont de Lattes - Gare Saint-Roch,015 Les Aubes,3689.0,1148
2024-09-01 12:47:13,2024-09-01 15:09:31,021 Port Marianne,021 Port Marianne,21939.0,8536
2024-09-01 12:47:05,2024-09-01 12:50:55,001 Rue Jules Ferry - Gare Saint-Roch,010 Rondelet,637.0,225
2024-09-01 12:46:55,2024-09-01 18:36:32,020 Gambetta,011 Plan Cabanes,29841.0,20973
2024-09-01 12:45:34,2024-09-01 12:46:25,051 Pont de Lattes - Gare Saint-Roch,051 Pont de Lattes - Gare Saint-Roch,2.0,47
2024-09-01 12:41:34,2024-09-01 13:30:59,010 Rondelet,009 Observatoire,2413.0,2959
2024-09-01 12:40:22,2024-09-01 12:40:44,010 Rondelet,010 Rondelet,0.0,16
2024-09-01 12:35:45,2024-09-01 12:58:47,008 Halles Castellane,002 Comédie,2913.0,1377
2024-09-01 12:35:31,2024-09-01 12:58:44,008 Halles Castellane,002 Comédie,3140.0,1388
2024-09-01 12:33:21,2024-09-01 13:31:10,025 Nouveau Saint-Roch,009 Observatoire,12192.0,3464
2024-09-01 12:32:20,2024-09-03 12:17:34,016 Antigone centre,004 Hôtel de Ville,15214.0,171911
2024-09-01 12:31:36,2024-09-01 12:41:53,039 Aiguelongue,005 Corum,1560.0,612
2024-09-01 12:31:01,2024-09-01 12:31:36,016 Antigone centre,016 Antigone centre,0.0,30
2024-09-01 12:28:16,2024-09-01 13:15:42,034 Vert Bois,006 Place Albert 1er - St Charles,3387.0,2840
2024-09-01 12:17:49,2024-09-01 12:45:08,016 Antigone centre,016 Antigone centre,5466.0,1635
2024-09-01 12:16:48,2024-09-01 14:09:49,016 Antigone centre,060 Comedie Baudin,1907.0,6777
2024-09-01 12:14:35,2024-09-01 12:24:39,047 Place Viala,050 Parvis Jules Ferry - Gare Saint-Roch,2607.0,601
2024-09-01 12:13:44,2024-09-01 14:13:02,049 Tonnelles,009 Observatoire,6795.0,7153
2024-09-01 12:10:42,2024-09-01 12:52:07,006 Place Albert 1er - St Charles,034 Vert Bois,4471.0,2480
2024-09-01 12:08:59,2024-09-01 12:54:17,006 Place Albert 1er - St Charles,034 Vert Bois,4443.0,2715
2024-09-01 12:07:55,2024-09-01 16:12:20,029 Richter,029 Richter,22811.0,14661
2024-09-01 12:05:58,2024-09-01 12:06:21,044 Celleneuve,044 Celleneuve,0.0,18
2024-09-01 12:05:36,2024-09-01 14:28:19,006 Place Albert 1er - St Charles,006 Place Albert 1er - St Charles,7745.0,8559
2024-09-01 12:05:07,2024-09-01 12:05:29,044 Celleneuve,044 Celleneuve,0.0,18
2024-09-01 12:03:59,2024-09-01 12:29:01,039 Aiguelongue,021 Port Marianne,4835.0,1497
2024-09-01 12:00:45,2024-09-01 19:05:20,013 Emile Combes,013 Emile Combes,39874.0,25472
2024-09-01 12:00:02,2024-09-01 19:05:14,013 Emile Combes,013 Emile Combes,40249.0,25508
2024-09-01 11:59:27,2024-09-01 12:00:16,013 Emile Combes,013 Emile Combes,0.0,44
2024-09-01 11:56:40,2024-09-01 18:11:18,017 Médiathèque Emile Zola,017 Médiathèque Emile Zola,33153.0,22474
2024-09-01 11:56:13,2024-09-01 18:31:08,018 Nombre d'Or,055 Pérols Etang de l'Or,27260.0,23693
2024-09-01 11:52:21,2024-09-01 18:31:03,018 Nombre d'Or,055 Pérols Etang de l'Or,28455.0,23918
2024-09-01 11:51:39,2024-09-01 16:01:28,004 Hôtel de Ville,021 Port Marianne,23685.0,14984
2024-09-01 11:51:26,2024-09-01 19:47:19,011 Plan Cabanes,047 Place Viala,29780.0,28549
2024-09-01 11:50:37,2024-09-01 18:29:26,018 Nombre d'Or,055 Pérols Etang de l'Or,28310.0,23926
2024-09-01 11:49:25,2024-09-01 11:49:49,018 Nombre d'Or,018 Nombre d'Or,0.0,18
2024-09-01 11:49:10,2024-09-01 11:51:11,004 Hôtel de Ville,004 Hôtel de Ville,147.0,116
2024-09-01 11:47:35,2024-09-01 11:48:01,018 Nombre d'Or,018 Nombre d'Or,0.0,21
2024-09-01 11:47:12,2024-09-01 11:57:54,038 Fac de Lettres,019 Louis Blanc,1711.0,635
2024-09-01 11:46:49,2024-09-01 11:47:09,018 Nombre d'Or,018 Nombre d'Or,0.0,15
2024-09-01 11:46:36,2024-09-01 13:22:05,042 Marie Caizergues,042 Marie Caizergues,6172.0,5726
2024-09-01 11:46:09,2024-09-01 18:31:07,001 Rue Jules Ferry - Gare Saint-Roch,055 Pérols Etang de l'Or,28355.0,24295
2024-09-01 11:45:16,2024-09-01 11:46:28,038 Fac de Lettres,038 Fac de Lettres,6.0,68
2024-09-01 11:45:13,2024-09-01 18:31:35,001 Rue Jules Ferry - Gare Saint-Roch,055 Pérols Etang de l'Or,28594.0,24378
2024-09-01 11:45:09,2024-09-01 11:48:38,021 Port Marianne,004 Hôtel de Ville,449.0,206
2024-09-01 11:44:31,2024-09-01 11:44:50,021 Port Marianne,021 Port Marianne,0.0,14
2024-09-01 11:43:28,2024-09-01 11:43:54,021 Port Marianne,021 Port Marianne,0.0,22
2024-09-01 11:42:50,2024-09-01 11:43:11,021 Port Marianne,021 Port Marianne,0.0,17
2024-09-01 11:42:12,2024-09-01 11:42:33,021 Port Marianne,021 Port Marianne,0.0,17
2024-09-01 11:40:50,2024-09-01 16:14:26,002 Comédie,021 Port Marianne,31967.0,16412
2024-09-01 11:40:16,2024-09-01 12:21:59,023 Les Arceaux,026 Renouvier,2969.0,2498
2024-09-01 11:39:50,2024-09-01 11:41:26,021 Port Marianne,021 Port Marianne,83.0,92
2024-09-01 11:39:14,2024-09-01 18:31:32,060 Comedie Baudin,055 Pérols Etang de l'Or,30252.0,24735
2024-09-01 11:38:31,2024-09-01 11:39:06,021 Port Marianne,021 Port Marianne,6.0,31
2024-09-01 11:38:12,2024-09-01 11:52:06,060 Comedie Baudin,018 Nombre d'Or,1343.0,831
2024-09-01 11:37:46,2024-09-01 16:01:20,021 Port Marianne,021 Port Marianne,24714.0,15811
2024-09-01 11:35:18,2024-09-01 11:43:57,030 Charles Flahault,011 Plan Cabanes,1298.0,515
2024-09-01 11:35:13,2024-09-01 11:43:15,030 Charles Flahault,011 Plan Cabanes,1290.0,478
2024-09-01 11:33:15,2024-09-01 20:38:33,055 Pérols Etang de l'Or,055 Pérols Etang de l'Or,5760.0,32714
2024-09-01 11:32:25,2024-09-01 11:32:46,055 Pérols Etang de l'Or,055 Pérols Etang de l'Or,0.0,17
2024-09-01 11:30:24,2024-09-01 11:55:01,002 Comédie,018 Nombre d'Or,1658.0,1472
2024-09-01 11:28:34,2024-09-01 16:50:17,026 Renouvier,026 Renouvier,19060.0,19299
2024-09-01 11:25:04,2024-09-01 16:50:16,026 Renouvier,026 Renouvier,17524.0,19510
2024-09-01 11:20:06,2024-09-01 11:35:43,036 Occitanie,006 Place Albert 1er - St Charles,3052.0,933
2024-09-01 11:14:37,2024-09-01 11:23:48,034 Vert Bois,012 Boutonnet,2231.0,547
2024-09-01 11:13:03,2024-09-01 14:24:14,046 Père Soulas,055 Pérols Etang de l'Or,31940.0,11468
2024-09-01 11:11:04,2024-09-01 16:41:52,012 Boutonnet,012 Boutonnet,37319.0,19844
2024-09-01 11:06:20,2024-09-01 11:16:05,019 Louis Blanc,017 Médiathèque Emile Zola,2311.0,580
2024-09-01 11:04:31,2024-09-01 12:29:02,018 Nombre d'Or,019 Louis Blanc,8511.0,5066
2024-09-01 11:04:21,2024-09-02 12:07:26,018 Nombre d'Or,019 Louis Blanc,8502.0,90180
2024-09-01 11:02:53,2024-09-01 11:08:36,039 Aiguelongue,005 Corum,1600.0,339
2024-09-01 11:01:15,2024-09-01 11:11:08,038 Fac de Lettres,005 Corum,1958.0,587
2024-09-01 10:59:28,2024-09-01 11:11:32,015 Les Aubes,002 Comédie,2391.0,719
2024-09-01 10:57:59,2024-09-01 11:06:07,038 Fac de Lettres,019 Louis Blanc,1819.0,481
2024-09-01 10:57:49,2024-09-01 13:14:30,055 Pérols Etang de l'Or,055 Pérols Etang de l'Or,15022.0,8196
2024-09-01 10:57:09,2024-09-01 13:15:36,055 Pérols Etang de l'Or,055 Pérols Etang de l'Or,14855.0,8302
2024-09-01 10:54:00,2024-09-01 11:06:06,054 Providence - Ovalie,054 Providence - Ovalie,1868.0,722
2024-09-01 10:52:10,2024-09-01 11:04:15,025 Nouveau Saint-Roch,033 Garcia Lorca,1943.0,722
2024-09-01 10:50:29,2024-09-01 11:10:20,004 Hôtel de Ville,004 Hôtel de Ville,1090.0,1186
2024-09-01 10:48:35,2024-09-01 11:39:58,026 Renouvier,023 Les Arceaux,1651.0,3078
2024-09-01 10:46:02,2024-09-01 11:52:28,014 Beaux-Arts,005 Corum,5329.0,3981
2024-09-01 10:42:30,2024-09-01 13:04:43,049 Tonnelles,049 Tonnelles,8149.0,8529
2024-09-01 10:41:36,2024-09-01 10:42:09,014 Beaux-Arts,014 Beaux-Arts,0.0,27
2024-09-01 10:40:27,2024-09-01 11:17:12,004 Hôtel de Ville,021 Port Marianne,6769.0,2200
2024-09-01 10:39:42,2024-09-01 16:06:12,010 Rondelet,010 Rondelet,6371.0,19587
2024-09-01 10:34:25,2024-09-01 11:52:29,014 Beaux-Arts,005 Corum,5370.0,4676
2024-09-01 10:31:21,2024-09-01 11:00:59,039 Aiguelongue,018 Nombre d'Or,3683.0,1773
2024-09-01 10:29:51,2024-09-01 10:33:21,005 Corum,014 Beaux-Arts,430.0,206
2024-09-01 10:28:54,2024-09-01 13:08:06,015 Les Aubes,015 Les Aubes,28030.0,9547
2024-09-01 10:28:20,2024-09-01 13:10:13,015 Les Aubes,015 Les Aubes,29029.0,9709
2024-09-01 10:27:32,2024-09-01 10:34:58,005 Corum,014 Beaux-Arts,451.0,442
2024-09-01 10:26:43,2024-09-01 10:29:27,005 Corum,005 Corum,2.0,157
2024-09-01 10:24:54,2024-09-01 14:52:20,021 Port Marianne,021 Port Marianne,24397.0,16042
2024-09-01 10:23:31,2024-09-01 11:26:42,011 Plan Cabanes,010 Rondelet,1021.0,381
2024-09-01 10:23:00,2024-09-01 14:52:17,021 Port Marianne,021 Port Marianne,24136.0,16154
2024-09-01 10:21:56,2024-09-01 14:52:26,021 Port Marianne,021 Port Marianne,24107.0,16227
2024-09-01 10:21:31,2024-09-01 10:58:28,019 Louis Blanc,012 Boutonnet,6089.0,2213
2024-09-01 10:19:08,2024-09-01 10:19:56,001 Rue Jules Ferry - Gare Saint-Roch,001 Rue Jules Ferry - Gare Saint-Roch,6.0,44
2024-09-01 10:18:37,2024-09-01 10:31:48,044 Celleneuve,057 Saint-Guilhem,3322.0,787
2024-09-01 10:18:23,2024-09-01 10:21:09,001 Rue Jules Ferry - Gare Saint-Roch,001 Rue Jules Ferry - Gare Saint-Roch,177.0,161
2024-09-01 10:17:22,2024-09-01 10:43:55,001 Rue Jules Ferry - Gare Saint-Roch,047 Place Viala,3532.0,1588
2024-09-01 10:08:41,2024-09-01 10:17:22,019 Louis Blanc,016 Antigone centre,1629.0,516
2024-09-01 10:03:04,2024-09-01 10:08:47,044 Celleneuve,049 Tonnelles,667.0,339
2024-09-01 10:01:58,2024-09-01 10:08:53,044 Celleneuve,049 Tonnelles,716.0,412
2024-09-01 09:57:09,2024-09-01 10:11:25,046 Père Soulas,002 Comédie,2626.0,852
2024-09-01 09:55:53,2024-09-01 10:01:01,061 Jean de Beins,013 Emile Combes,1016.0,304
2024-09-01 09:54:20,2024-09-01 10:51:52,044 Celleneuve,055 Pérols Etang de l'Or,13360.0,3448
2024-09-01 09:44:22,2024-09-01 09:52:20,010 Rondelet,032 Prés d'Arènes,1717.0,473
2024-09-01 09:43:33,2024-09-01 11:21:29,005 Corum,060 Comedie Baudin,6011.0,5871
2024-09-01 09:36:22,2024-09-01 09:42:24,005 Corum,005 Corum,245.0,356
2024-09-01 09:34:02,2024-09-01 11:11:32,005 Corum,060 Comedie Baudin,9084.0,5846
2024-09-01 09:33:37,2024-09-01 09:47:23,044 Celleneuve,011 Plan Cabanes,3173.0,821
2024-09-01 09:32:14,2024-09-01 09:41:15,012 Boutonnet,036 Occitanie,2299.0,537
2024-09-01 09:31:48,2024-09-01 09:52:00,036 Occitanie,002 Comédie,4198.0,1207
2024-09-01 09:23:47,2024-09-01 09:41:14,047 Place Viala,001 Rue Jules Ferry - Gare Saint-Roch,2954.0,1043
2024-09-01 09:19:07,2024-09-01 09:25:59,013 Emile Combes,016 Antigone centre,1504.0,406
2024-09-01 09:17:38,2024-09-01 09:18:00,013 Emile Combes,013 Emile Combes,0.0,17
2024-09-01 09:16:58,2024-09-01 09:17:22,013 Emile Combes,013 Emile Combes,0.0,18
2024-09-01 09:03:10,2024-09-01 09:10:04,057 Saint-Guilhem,001 Rue Jules Ferry - Gare Saint-Roch,947.0,409
2024-09-01 09:02:17,2024-09-01 09:13:58,019 Louis Blanc,038 Fac de Lettres,1997.0,699
2024-09-01 08:57:40,2024-09-01 09:32:26,038 Fac de Lettres,030 Charles Flahault,3063.0,2078
2024-09-01 08:49:07,2024-09-01 14:40:43,010 Rondelet,055 Pérols Etang de l'Or,19305.0,21091
2024-09-01 08:46:15,2024-09-01 10:21:50,021 Port Marianne,021 Port Marianne,19188.0,5730
2024-09-01 08:39:58,2024-09-01 18:04:43,011 Plan Cabanes,011 Plan Cabanes,10046.0,33881
2024-09-01 07:16:50,2024-09-01 07:38:43,044 Celleneuve,043 Sabines,5770.0,1309
2024-09-01 06:45:24,2024-09-05 07:32:49,017 Médiathèque Emile Zola,008 Halles Castellane,53220.0,348443
2024-09-01 06:39:16,2024-09-01 06:54:19,025 Nouveau Saint-Roch,043 Sabines,2850.0,898
2024-09-01 06:25:42,2024-09-01 06:44:36,053 Deux Ponts - Gare Saint-Roch,043 Sabines,3890.0,1130
2024-09-01 06:23:29,2024-09-01 06:38:16,026 Renouvier,021 Port Marianne,3918.0,882
2024-09-01 06:22:04,2024-09-01 07:00:25,057 Saint-Guilhem,034 Vert Bois,5043.0,2297
2024-09-01 06:21:42,2024-09-01 07:03:53,057 Saint-Guilhem,034 Vert Bois,4992.0,2526
2024-09-01 06:19:59,2024-09-01 06:23:12,026 Renouvier,026 Renouvier,134.0,189
2024-09-01 06:17:48,2024-09-01 06:24:23,033 Garcia Lorca,004 Hôtel de Ville,1245.0,390
2024-09-01 05:55:17,2024-09-01 07:03:33,016 Antigone centre,001 Rue Jules Ferry - Gare Saint-Roch,2101.0,4092
2024-09-01 05:54:41,2024-09-01 07:03:36,016 Antigone centre,001 Rue Jules Ferry - Gare Saint-Roch,2097.0,4132
2024-09-01 05:53:57,2024-09-01 07:37:52,016 Antigone centre,006 Place Albert 1er - St Charles,4018.0,6229
2024-09-01 05:42:43,2024-09-01 05:55:25,044 Celleneuve,036 Occitanie,3336.0,757
2024-09-01 05:38:58,2024-09-01 05:55:17,036 Occitanie,030 Charles Flahault,3759.0,975
2024-09-01 05:38:03,2024-09-01 05:38:22,036 Occitanie,036 Occitanie,0.0,15
2024-09-01 05:36:21,2024-09-01 19:28:04,024 Cité Mion,012 Boutonnet,8566.0,49900
2024-09-01 05:34:54,2024-09-01 05:35:47,024 Cité Mion,024 Cité Mion,0.0,49
2024-09-01 05:29:45,2024-09-01 05:45:30,036 Occitanie,016 Antigone centre,4755.0,940
2024-09-01 05:28:37,2024-09-01 05:52:59,019 Louis Blanc,037 FacdesSciences,2532.0,1458
2024-09-01 05:22:43,2024-09-01 05:28:05,005 Corum,019 Louis Blanc,383.0,317
2024-09-01 05:22:05,2024-09-01 05:52:51,005 Corum,037 FacdesSciences,2891.0,1842
2024-09-01 05:21:33,2024-09-01 05:38:38,006 Place Albert 1er - St Charles,034 Vert Bois,2429.0,1021
2024-09-01 05:20:19,2024-09-01 05:20:38,006 Place Albert 1er - St Charles,006 Place Albert 1er - St Charles,0.0,15
2024-09-01 05:16:05,2024-09-01 05:52:13,037 FacdesSciences,037 FacdesSciences,5262.0,2164
2024-09-01 05:15:33,2024-09-01 05:52:18,037 FacdesSciences,037 FacdesSciences,5037.0,2201
2024-09-01 05:14:10,2024-09-01 05:52:55,037 FacdesSciences,037 FacdesSciences,5221.0,2320
2024-09-01 05:10:52,2024-09-01 05:34:26,002 Comédie,057 Saint-Guilhem,655.0,1410
2024-09-01 05:03:23,2024-09-01 05:32:41,002 Comédie,036 Occitanie,4584.0,1754
2024-09-01 05:00:34,2024-09-01 05:54:00,016 Antigone centre,006 Place Albert 1er - St Charles,6236.0,3202
2024-09-01 04:59:56,2024-09-01 05:53:43,016 Antigone centre,006 Place Albert 1er - St Charles,7457.0,3223
2024-09-01 04:56:20,2024-09-01 05:12:36,005 Corum,038 Fac de Lettres,2044.0,975
2024-09-01 04:56:13,2024-09-01 05:21:15,005 Corum,030 Charles Flahault,3514.0,1498
2024-09-01 04:56:08,2024-09-01 05:02:53,002 Comédie,002 Comédie,12.0,401
2024-09-01 04:55:33,2024-09-01 05:32:52,002 Comédie,036 Occitanie,4972.0,2235
2024-09-01 04:48:59,2024-09-01 04:49:40,056 Albert 1er - Cathédrale,056 Albert 1er - Cathédrale,2.0,37
2024-09-01 04:48:36,2024-09-01 04:59:10,006 Place Albert 1er - St Charles,030 Charles Flahault,1703.0,628
2024-09-01 04:48:09,2024-09-01 05:13:05,005 Corum,011 Plan Cabanes,1995.0,1491
2024-09-01 04:47:37,2024-09-01 04:59:11,006 Place Albert 1er - St Charles,030 Charles Flahault,1578.0,690
2024-09-01 04:38:07,2024-09-01 04:39:15,002 Comédie,002 Comédie,2.0,63
2024-09-01 04:36:10,2024-09-01 04:39:38,002 Comédie,002 Comédie,6.0,203
2024-09-01 04:34:46,2024-09-01 04:51:40,057 Saint-Guilhem,047 Place Viala,3316.0,1009
2024-09-01 04:32:08,2024-09-01 04:56:18,019 Louis Blanc,036 Occitanie,3538.0,1445
2024-09-01 04:31:24,2024-09-01 04:56:38,019 Louis Blanc,036 Occitanie,3540.0,1509
2024-09-01 04:25:04,2024-09-01 04:48:47,049 Tonnelles,005 Corum,3988.0,1418
2024-09-01 04:15:15,2024-09-01 04:40:53,048 Hôtel du Département,008 Halles Castellane,4498.0,1533
2024-09-01 04:14:43,2024-09-01 04:40:00,048 Hôtel du Département,008 Halles Castellane,4302.0,1512
2024-09-01 04:13:24,2024-09-01 04:21:31,002 Comédie,002 Comédie,12.0,482
2024-09-01 04:11:53,2024-09-01 04:16:51,002 Comédie,002 Comédie,22.0,294
2024-09-01 04:11:23,2024-09-01 04:11:44,002 Comédie,002 Comédie,0.0,16
2024-09-01 04:11:06,2024-09-01 04:44:27,057 Saint-Guilhem,046 Père Soulas,2378.0,1996
2024-09-01 04:06:16,2024-09-01 04:33:51,002 Comédie,038 Fac de Lettres,3056.0,1654
2024-09-01 04:05:52,2024-09-01 04:23:50,037 FacdesSciences,019 Louis Blanc,2662.0,1073
2024-09-01 04:05:50,2024-09-01 04:23:18,037 FacdesSciences,019 Louis Blanc,2617.0,1042
2024-09-01 04:05:06,2024-09-01 04:05:27,037 FacdesSciences,037 FacdesSciences,2.0,16
2024-09-01 04:04:08,2024-09-01 04:51:38,057 Saint-Guilhem,047 Place Viala,3446.0,2844
2024-09-01 04:02:46,2024-09-01 04:33:37,002 Comédie,038 Fac de Lettres,3338.0,1851
2024-09-01 04:02:44,2024-09-01 04:13:46,002 Comédie,014 Beaux-Arts,2046.0,659
2024-09-01 04:00:40,2024-09-01 04:12:07,019 Louis Blanc,024 Cité Mion,2613.0,683
2024-09-01 03:57:30,2024-09-02 08:11:10,006 Place Albert 1er - St Charles,019 Louis Blanc,367.0,101617
2024-09-01 03:56:39,2024-09-02 08:43:05,009 Observatoire,098 AtelierTAM,3546.0,103581
2024-09-01 03:56:10,2024-09-01 04:42:37,002 Comédie,012 Boutonnet,1723.0,2782
2024-09-01 03:54:29,2024-09-01 04:23:07,041 Euromédecine,037 FacdesSciences,5593.0,1713
2024-09-01 03:53:47,2024-09-01 04:23:02,041 Euromédecine,037 FacdesSciences,5505.0,1751
2024-09-01 03:53:21,2024-09-01 12:26:00,019 Louis Blanc,006 Place Albert 1er - St Charles,6432.0,30753
2024-09-01 03:51:25,2024-09-01 04:26:08,019 Louis Blanc,036 Occitanie,3269.0,2077
2024-09-01 03:48:04,2024-09-01 03:56:27,006 Place Albert 1er - St Charles,012 Boutonnet,1008.0,499
2024-09-01 03:45:32,2024-09-01 03:56:20,009 Observatoire,014 Beaux-Arts,1460.0,644
2024-09-01 03:44:27,2024-09-01 04:37:49,016 Antigone centre,037 FacdesSciences,6342.0,3199
2024-09-01 03:44:13,2024-09-01 03:44:47,009 Observatoire,009 Observatoire,0.0,29
2024-09-01 03:43:25,2024-09-01 03:56:27,009 Observatoire,014 Beaux-Arts,2346.0,778
2024-09-01 03:40:40,2024-09-01 04:37:55,017 Médiathèque Emile Zola,037 FacdesSciences,6322.0,3430
2024-09-01 03:39:57,2024-09-01 04:39:06,017 Médiathèque Emile Zola,037 FacdesSciences,5605.0,3545
2024-09-01 03:38:42,2024-09-01 04:40:22,017 Médiathèque Emile Zola,036 Occitanie,6618.0,3695
2024-09-01 03:29:33,2024-09-01 03:53:04,032 Prés d'Arènes,012 Boutonnet,4414.0,1406
2024-09-01 03:24:09,2024-09-01 03:37:35,042 Marie Caizergues,017 Médiathèque Emile Zola,2744.0,802
2024-09-01 03:23:59,2024-09-01 03:29:57,031 Voltaire,021 Port Marianne,1374.0,354
2024-09-01 03:21:20,2024-09-01 03:59:16,002 Comédie,002 Comédie,0.0,2272
2024-09-01 03:20:50,2024-09-01 03:21:14,002 Comédie,002 Comédie,2.0,19
2024-09-01 03:19:31,2024-09-01 03:19:50,002 Comédie,002 Comédie,0.0,15
2024-09-01 03:10:49,2024-09-01 03:33:43,034 Vert Bois,004 Hôtel de Ville,5315.0,1369
2024-09-01 03:05:56,2024-09-01 03:28:49,009 Observatoire,037 FacdesSciences,3265.0,1369
2024-09-01 03:05:42,2024-09-01 03:28:37,009 Observatoire,037 FacdesSciences,3644.0,1371
2024-09-01 03:05:08,2024-09-01 03:11:54,051 Pont de Lattes - Gare Saint-Roch,017 Médiathèque Emile Zola,1666.0,402
2024-09-01 03:04:58,2024-09-01 03:10:05,051 Pont de Lattes - Gare Saint-Roch,017 Médiathèque Emile Zola,1090.0,303
2024-09-01 02:55:50,2024-09-01 03:05:17,006 Place Albert 1er - St Charles,038 Fac de Lettres,1745.0,567
2024-09-01 02:54:54,2024-09-01 02:55:16,006 Place Albert 1er - St Charles,006 Place Albert 1er - St Charles,0.0,16
2024-09-01 02:53:53,2024-09-01 02:54:14,006 Place Albert 1er - St Charles,006 Place Albert 1er - St Charles,0.0,17
2024-09-01 02:53:31,2024-09-01 03:26:59,036 Occitanie,002 Comédie,4843.0,2003
2024-09-01 02:53:07,2024-09-01 03:14:41,036 Occitanie,005 Corum,4188.0,1291
2024-09-01 02:53:04,2024-09-01 03:04:59,006 Place Albert 1er - St Charles,038 Fac de Lettres,1725.0,714
2024-09-01 02:47:04,2024-09-01 02:58:03,017 Médiathèque Emile Zola,010 Rondelet,1960.0,655
2024-09-01 02:44:41,2024-09-01 03:10:37,017 Médiathèque Emile Zola,040 Jeu de Mail des Abbés,2442.0,1552
2024-09-01 02:44:14,2024-09-01 02:51:14,050 Parvis Jules Ferry - Gare Saint-Roch,016 Antigone centre,1249.0,416
2024-09-01 02:44:05,2024-09-01 03:11:07,017 Médiathèque Emile Zola,040 Jeu de Mail des Abbés,2225.0,1618
2024-09-01 02:40:28,2024-09-01 03:16:33,054 Providence - Ovalie,038 Fac de Lettres,6971.0,2164
2024-09-01 02:39:15,2024-09-01 03:20:00,057 Saint-Guilhem,048 Hôtel du Département,4471.0,2441
2024-09-01 02:39:12,2024-09-01 02:48:07,017 Médiathèque Emile Zola,009 Observatoire,1625.0,530
2024-09-01 02:38:55,2024-09-01 02:47:50,017 Médiathèque Emile Zola,009 Observatoire,1682.0,530
2024-09-01 02:38:54,2024-09-01 03:19:58,057 Saint-Guilhem,048 Hôtel du Département,4557.0,2459
2024-09-01 02:38:35,2024-09-01 02:47:54,017 Médiathèque Emile Zola,009 Observatoire,1680.0,554
2024-09-01 02:37:44,2024-09-01 02:38:10,017 Médiathèque Emile Zola,017 Médiathèque Emile Zola,0.0,21
2024-09-01 02:36:32,2024-09-01 02:47:38,017 Médiathèque Emile Zola,009 Observatoire,1666.0,660
2024-09-01 02:36:04,2024-09-01 02:48:37,028 Saint-Denis,006 Place Albert 1er - St Charles,2033.0,748
2024-09-01 02:34:48,2024-09-01 02:51:55,006 Place Albert 1er - St Charles,036 Occitanie,3305.0,1023
2024-09-01 02:33:44,2024-09-01 03:26:44,060 Comedie Baudin,035 Malbosc,5787.0,3176
2024-09-01 02:33:35,2024-09-01 02:40:34,006 Place Albert 1er - St Charles,012 Boutonnet,910.0,415
2024-09-01 02:33:00,2024-09-01 02:52:02,006 Place Albert 1er - St Charles,036 Occitanie,3363.0,1136
2024-09-01 02:24:19,2024-09-01 03:01:39,030 Charles Flahault,035 Malbosc,3506.0,2236
2024-09-01 02:23:56,2024-09-01 02:51:02,002 Comédie,036 Occitanie,4659.0,1621
2024-09-01 02:23:05,2024-09-01 02:43:28,029 Richter,017 Médiathèque Emile Zola,867.0,1219
2024-09-01 02:21:51,2024-09-01 02:29:21,002 Comédie,040 Jeu de Mail des Abbés,1490.0,447
2024-09-01 02:21:18,2024-09-01 02:51:05,002 Comédie,036 Occitanie,4774.0,1783
2024-09-01 02:20:41,2024-09-01 02:21:32,029 Richter,029 Richter,0.0,46
2024-09-01 02:20:01,2024-09-01 02:32:39,025 Nouveau Saint-Roch,050 Parvis Jules Ferry - Gare Saint-Roch,814.0,752
2024-09-01 02:19:04,2024-09-01 02:19:25,025 Nouveau Saint-Roch,025 Nouveau Saint-Roch,0.0,16
2024-09-01 02:16:27,2024-09-01 02:32:34,017 Médiathèque Emile Zola,012 Boutonnet,3616.0,963
2024-09-01 02:15:57,2024-09-01 02:20:23,009 Observatoire,002 Comédie,210.0,261
2024-09-01 02:15:29,2024-09-01 02:36:14,056 Albert 1er - Cathédrale,057 Saint-Guilhem,763.0,1241
2024-09-01 02:14:28,2024-09-01 02:51:28,017 Médiathèque Emile Zola,038 Fac de Lettres,5290.0,2219
2024-09-01 02:14:05,2024-09-01 02:34:16,013 Emile Combes,029 Richter,4347.0,1205
2024-09-01 02:13:30,2024-09-01 02:32:38,017 Médiathèque Emile Zola,012 Boutonnet,3704.0,1143
2024-09-01 02:13:24,2024-09-01 02:51:36,017 Médiathèque Emile Zola,038 Fac de Lettres,5323.0,2291
2024-09-01 02:13:02,2024-09-01 09:18:40,013 Emile Combes,013 Emile Combes,0.0,25534
2024-09-01 02:12:53,2024-09-01 14:11:13,008 Halles Castellane,034 Vert Bois,4369.0,43098
2024-09-01 02:12:18,2024-09-01 02:13:04,013 Emile Combes,013 Emile Combes,0.0,41
2024-09-01 02:11:28,2024-09-01 02:55:02,008 Halles Castellane,034 Vert Bois,4425.0,2610
2024-09-01 02:10:59,2024-09-01 02:25:18,002 Comédie,038 Fac de Lettres,2928.0,858
2024-09-01 02:00:00,2024-09-01 02:23:02,006 Place Albert 1er - St Charles,044 Celleneuve,3990.0,1378
2024-09-01 01:57:53,2024-09-01 02:02:20,031 Voltaire,009 Observatoire,786.0,262
2024-09-01 01:54:14,2024-09-01 02:22:53,036 Occitanie,017 Médiathèque Emile Zola,5570.0,1715
2024-09-01 01:53:15,2024-09-01 05:40:10,061 Jean de Beins,051 Pont de Lattes - Gare Saint-Roch,17879.0,13611
2024-09-01 01:52:26,2024-09-01 05:39:57,061 Jean de Beins,051 Pont de Lattes - Gare Saint-Roch,17992.0,13647
2024-09-01 01:52:16,2024-09-01 02:26:35,012 Boutonnet,051 Pont de Lattes - Gare Saint-Roch,3424.0,2055
2024-09-01 01:52:07,2024-09-01 02:18:53,012 Boutonnet,053 Deux Ponts - Gare Saint-Roch,3404.0,1601
2024-09-01 01:50:56,2024-09-01 02:22:38,012 Boutonnet,011 Plan Cabanes,4096.0,1762
2024-09-01 01:50:47,2024-09-01 01:51:29,012 Boutonnet,012 Boutonnet,0.0,37
2024-09-01 01:49:14,2024-09-01 05:40:14,061 Jean de Beins,051 Pont de Lattes - Gare Saint-Roch,17320.0,13855
2024-09-01 01:45:18,2024-09-01 01:57:15,028 Saint-Denis,033 Garcia Lorca,2511.0,712
2024-09-01 01:43:24,2024-09-01 01:50:33,007 Foch,047 Place Viala,1627.0,424
2024-09-01 01:39:15,2024-09-01 03:47:16,002 Comédie,048 Hôtel du Département,6162.0,7679
2024-09-01 01:33:43,2024-09-01 01:44:03,030 Charles Flahault,005 Corum,1517.0,617
2024-09-01 01:31:44,2024-09-01 01:43:47,030 Charles Flahault,005 Corum,1617.0,718
2024-09-01 01:27:23,2024-09-01 01:49:29,002 Comédie,038 Fac de Lettres,3469.0,1326
2024-09-01 01:26:10,2024-09-01 01:26:31,002 Comédie,002 Comédie,0.0,17
2024-09-01 01:24:40,2024-09-01 01:25:01,002 Comédie,002 Comédie,0.0,17
2024-09-01 01:21:30,2024-09-01 01:31:20,037 FacdesSciences,034 Vert Bois,1958.0,586
2024-09-01 01:16:14,2024-09-01 03:55:43,019 Louis Blanc,036 Occitanie,3363.0,9564
2024-09-01 01:15:40,2024-09-01 03:55:46,019 Louis Blanc,036 Occitanie,3371.0,9601
2024-09-01 01:07:56,2024-09-01 01:18:06,046 Père Soulas,036 Occitanie,2554.0,605
2024-09-01 01:05:38,2024-09-01 01:19:54,034 Vert Bois,019 Louis Blanc,2811.0,851
2024-09-01 01:04:57,2024-09-01 01:11:02,005 Corum,015 Les Aubes,1300.0,359
2024-09-01 01:03:44,2024-09-01 01:04:50,034 Vert Bois,034 Vert Bois,20.0,61
2024-09-01 01:03:08,2024-09-01 01:51:06,009 Observatoire,017 Médiathèque Emile Zola,3877.0,2875
2024-09-01 01:01:58,2024-09-01 01:50:34,009 Observatoire,017 Médiathèque Emile Zola,4079.0,2913
2024-09-01 01:01:19,2024-09-01 01:50:35,009 Observatoire,017 Médiathèque Emile Zola,4425.0,2952
2024-09-01 01:00:45,2024-09-01 01:50:21,009 Observatoire,017 Médiathèque Emile Zola,4018.0,2972
2024-09-01 01:00:44,2024-09-01 01:14:40,056 Albert 1er - Cathédrale,017 Médiathèque Emile Zola,2905.0,830
2024-09-01 01:00:27,2024-09-01 01:00:52,012 Boutonnet,012 Boutonnet,0.0,20
2024-09-01 00:58:52,2024-09-01 01:14:42,056 Albert 1er - Cathédrale,017 Médiathèque Emile Zola,2748.0,945
2024-09-01 00:49:49,2024-09-01 01:00:14,034 Vert Bois,046 Père Soulas,2468.0,620
2024-09-01 00:49:03,2024-09-01 00:58:09,056 Albert 1er - Cathédrale,012 Boutonnet,1419.0,542
2024-09-01 00:47:12,2024-09-01 01:02:59,028 Saint-Denis,054 Providence - Ovalie,3332.0,942
2024-09-01 00:45:20,2024-09-01 00:55:50,047 Place Viala,002 Comédie,2519.0,624
2024-09-01 00:44:55,2024-09-01 00:55:45,047 Place Viala,002 Comédie,2487.0,646
2024-09-01 00:43:05,2024-09-01 00:55:58,012 Boutonnet,017 Médiathèque Emile Zola,3254.0,769
2024-09-01 00:42:40,2024-09-01 00:55:53,012 Boutonnet,017 Médiathèque Emile Zola,3016.0,789
2024-09-01 00:39:46,2024-09-01 00:47:58,051 Pont de Lattes - Gare Saint-Roch,025 Nouveau Saint-Roch,1072.0,489
2024-09-01 00:37:54,2024-09-01 00:44:36,007 Foch,012 Boutonnet,1419.0,397
2024-09-01 00:32:53,2024-09-01 00:39:48,009 Observatoire,031 Voltaire,1139.0,414
2024-09-01 00:32:53,2024-09-01 00:39:28,016 Antigone centre,051 Pont de Lattes - Gare Saint-Roch,922.0,389
2024-09-01 00:19:27,2024-09-01 01:05:38,016 Antigone centre,016 Antigone centre,4363.0,2766
2024-09-01 00:18:12,2024-09-01 00:32:52,012 Boutonnet,034 Vert Bois,1813.0,876
2024-09-01 00:11:28,2024-09-01 00:19:02,060 Comedie Baudin,005 Corum,873.0,450
2024-09-01 00:10:57,2024-09-01 00:27:29,051 Pont de Lattes - Gare Saint-Roch,004 Hôtel de Ville,2378.0,988
2024-09-01 00:08:54,2024-09-01 00:17:17,005 Corum,012 Boutonnet,1790.0,498
2024-09-01 00:07:40,2024-09-01 00:25:45,051 Pont de Lattes - Gare Saint-Roch,004 Hôtel de Ville,2376.0,1078
2024-09-01 00:07:22,2024-09-01 00:13:37,009 Observatoire,011 Plan Cabanes,771.0,371
2024-09-01 00:07:00,2024-09-01 00:58:19,018 Nombre d'Or,016 Antigone centre,5738.0,3074
2024-09-01 00:06:42,2024-09-01 00:07:05,009 Observatoire,009 Observatoire,0.0,15
2024-09-01 00:06:39,2024-09-01 01:05:36,018 Nombre d'Or,016 Antigone centre,5168.0,3532
2024-09-01 00:05:23,2024-09-01 00:05:43,009 Observatoire,009 Observatoire,0.0,16
2024-09-01 00:04:19,2024-09-01 00:05:06,009 Observatoire,009 Observatoire,6.0,43
2024-09-01 00:04:05,2024-09-01 00:58:27,018 Nombre d'Or,016 Antigone centre,5492.0,3257
2024-09-01 00:02:01,2024-09-01 00:10:37,023 Les Arceaux,046 Père Soulas,1488.0,507
2024-09-01 00:01:27,2024-09-01 00:10:41,023 Les Arceaux,046 Père Soulas,1468.0,545
